hash,albedo,normal,roughness,metallic,emissive,height,emissive_intensity
0041B22F1F4C48E1,assets/ingested/BB5D50E6CF808FCF_albedo.a.rtex.dds,assets/ingested/BB5D50E6CF808FCF_normal_OTH_Normal.n.rtex.dds,,,,assets/ingested/BB5D50E6CF808FCF_height.h.rtex.dds,
01AA1829E9F20142,assets/ingested/01AA1829E9F20142_albedo.a.rtex.dds,assets/ingested/01AA1829E9F20142_normal_OTH_Normal.n.rtex.dds,,,,assets/ingested/01AA1829E9F20142_height.h.rtex.dds,
01D9A2A7976660B7,assets/ingested/01D9A2A7976660B7_albedo.a.rtex.dds,assets/ingested/01D9A2A7976660B7_normal_OTH_Normal.n.rtex.dds,,,,,
01E672F9613B70D0,assets/ingested/01E672F9613B70D0_albedo.a.rtex.dds,assets/ingested/01E672F9613B70D0_normal_OTH_Normal.n.rtex.dds,,,,assets/ingested/01E672F9613B70D0_height.h.rtex.dds,
01E87B8CD460CE42,assets/ingested/01E87B8CD460CE42_albedo.a.rtex.dds,assets/ingested/01E87B8CD460CE42_normal_OTH_Normal.n.rtex.dds,,,,assets/ingested/01E87B8CD460CE42_height.h.rtex.dds,
0299A8C9200FF2CF,assets/ingested/0299A8C9200FF2CF_albedo.a.rtex.dds,assets/ingested/0299A8C9200FF2CF_normal_OTH_Normal.n.rtex.dds,,,,assets/ingested/0299A8C9200FF2CF_height.h.rtex.dds,
02A8958C59BA7497,assets/ingested/02A8958C59BA7497_albedo.a.rtex.dds,assets/ingested/02A8958C59BA7497_norrmal.a.rtex.dds,,,,,
02DC315E7A11859E,assets/ingested/02DC315E7A11859E_albedo.a.rtex.dds,assets/ingested/02DC315E7A11859E_normal_OTH_Normal.n.rtex.dds,assets/ingested/02DC315E7A11859E_roughness.r.rtex.dds,,assets/ingested/02DC315E7A11859E_emissive2.e.rtex.dds,assets/ingested/02DC315E7A11859E_height2.h.rtex.dds,1.0
035E8B9F799300BA,assets/ingested/035E8B9F799300BA_albedo.a.rtex.dds,assets/ingested/035E8B9F799300BA_normal_OTH_Normal.n.rtex.dds,,,,assets/ingested/035E8B9F799300BA_height.h.rtex.dds,
03C1F06E3B2F531C,assets/ingested/03C1F06E3B2F531C_albedo.a.rtex.dds,assets/ingested/03C1F06E3B2F531C_normal_OTH_Normal.n.rtex.dds,assets/ingested/03C1F06E3B2F531C_roughness.r.rtex.dds,assets/ingested/03C1F06E3B2F531C_metallic.m.rtex.dds,,,
03D449BB81C9FF07,assets/ingested/03D449BB81C9FF07_albedo.a.rtex.dds,assets/ingested/03D449BB81C9FF07_normal_OTH_Normal.n.rtex.dds,,,,assets/ingested/03D449BB81C9FF07_height.h.rtex.dds,
0422A351ABA07520,assets/ingested/0422A351ABA07520_albedo.a.rtex.dds,assets/ingested/0422A351ABA07520_normal_n_OTH_Normal.n.rtex.dds,,,,assets/ingested/0422A351ABA07520_height_n.h.rtex.dds,
0468E02FBF195DAC,assets/ingested/bfg.a.rtex.dds,,,,assets/ingested/bfg.a.rtex.dds,,24.0
0475AFF6A24F73F7,assets/ingested/0475AFF6A24F73F7_albedo_animation.a.rtex.dds,assets/ingested/0475AFF6A24F73F7_normal_animation_OTH_Normal.n.rtex.dds,assets/ingested/0475AFF6A24F73F7_roughness_animation.r.rtex.dds,assets/ingested/0475AFF6A24F73F7_metallic_animation.m.rtex.dds,assets/ingested/0475AFF6A24F73F7_emissive_animation.e.rtex.dds,assets/ingested/0475AFF6A24F73F7_height_animation.h.rtex.dds,4.0
04797A6DB103203C,assets/ingested/04797A6DB103203C_albedo.a.rtex.dds,assets/ingested/04797A6DB103203C_normal_OTH_Normal.n.rtex.dds,,,assets/ingested/04797A6DB103203C_emissive.e.rtex.dds,assets/ingested/04797A6DB103203C_height.h.rtex.dds,8.0
049915CDB6E9109B,assets/ingested/049915CDB6E9109B_albedo.a.rtex.dds,assets/ingested/049915CDB6E9109B_normal_OTH_Normal.n.rtex.dds,,,,assets/ingested/049915CDB6E9109B_height.h.rtex.dds,12.0
04D43D5DBF875B53,assets/ingested/04D43D5DBF875B53_albedo.a.rtex.dds,assets/ingested/04D43D5DBF875B53_normal_OTH_Normal.n.rtex.dds,,,,,
05B931526ADE213B,assets/ingested/05B931526ADE213B_albedo.a.rtex.dds,assets/ingested/05B931526ADE213B_normal_OTH_Normal.n.rtex.dds,,,,assets/ingested/05B931526ADE213B_height.h.rtex.dds,
05E69B4BB705BD93,assets/ingested/05E69B4BB705BD93_albedo.a.rtex.dds,,,,,,
0619899EEF0F8433,assets/ingested/0619899EEF0F8433_albedo.a.rtex.dds,assets/ingested/0619899EEF0F8433_normal_OTH_Normal.n.rtex.dds,,,,,
0679B51E7C0CE757,assets/ingested/0679B51E7C0CE757_albedo.a.rtex.dds,assets/ingested/0679B51E7C0CE757_normal_OTH_Normal.n.rtex.dds,,,,assets/ingested/0679B51E7C0CE757_height.h.rtex.dds,
06DA157ADD782E95,assets/ingested/06DA157ADD782E95_albedo.a.rtex.dds,assets/ingested/06DA157ADD782E95_normal_OTH_Normal.n.rtex.dds,,,,assets/ingested/06DA157ADD782E95_height.h.rtex.dds,
07737DD57E432743,assets/ingested/07737DD57E432743_albedo.a.rtex.dds,assets/ingested/07737DD57E432743_normal_OTH_Normal.n.rtex.dds,,,,assets/ingested/07737DD57E432743_height.h.rtex.dds,
07804FD8F73EFBF4,assets/ingested/07804FD8F73EFBF4_albedo.a.rtex.dds,assets/ingested/07804FD8F73EFBF4_normal_OTH_Normal.n.rtex.dds,assets/ingested/07804FD8F73EFBF4_roughness.r.rtex.dds,assets/ingested/07804FD8F73EFBF4_metallic.m.rtex.dds,,assets/ingested/07804FD8F73EFBF4_height.h.rtex.dds,
0790E604C456E59A,assets/ingested/0790E604C456E59A_albedo.a.rtex.dds,assets/ingested/0790E604C456E59A_normal_OTH_Normal.n.rtex.dds,assets/ingested/0790E604C456E59A_roughness.r.rtex.dds,,,assets/ingested/0790E604C456E59A_height.h.rtex.dds,
07C13ADBDFAFE79A,assets/ingested/07C13ADBDFAFE79A_albedo.a.rtex.dds,assets/ingested/07C13ADBDFAFE79A_normal_OTH_Normal.n.rtex.dds,,,,assets/ingested/07C13ADBDFAFE79A_height.h.rtex.dds,
08A6A6BDA901EA9C,assets/ingested/08A6A6BDA901EA9C_albedo.a.rtex.dds,,,,assets/ingested/08A6A6BDA901EA9C_albedo.a.rtex.dds,,6877.92
08BEC56EDCE2EBEF,assets/ingested/08BEC56EDCE2EBEF_albedo.a.rtex.dds,assets/ingested/08BEC56EDCE2EBEF_normal_OTH_Normal.n.rtex.dds,,,assets/ingested/08BEC56EDCE2EBEF_emissive.e.rtex.dds,,24.0
08EC146EBE346D90,assets/ingested/08EC146EBE346D90_albedo.a.rtex.dds,,,,assets/ingested/08EC146EBE346D90_emissive.e.rtex.dds,,8.0
091C419135DF8B6D,assets/ingested/091C419135DF8B6D_albedo.a.rtex.dds,assets/ingested/091C419135DF8B6D_normal_OTH_Normal.n.rtex.dds,,,assets/ingested/091C419135DF8B6D_emissive.e.rtex.dds,assets/ingested/091C419135DF8B6D_height.h.rtex.dds,4.0
09530628FB03A7BB,assets/ingested/machinegun_bullethole.a.rtex.dds,assets/ingested/machinegun_bullethole_n_OTH_Normal.n.rtex.dds,,,assets/ingested/machinegun_bullethole_e.e.rtex.dds,assets/ingested/09530628FB03A7BB_height.h.rtex.dds,25.0
099A51102F6A6BB6,assets/ingested/099A51102F6A6BB6_albedo.a.rtex.dds,assets/ingested/099A51102F6A6BB6_normal_OTH_Normal.n.rtex.dds,assets/ingested/099A51102F6A6BB6_roughness.r.rtex.dds,assets/ingested/099A51102F6A6BB6_metallic.m.rtex.dds,,assets/ingested/099A51102F6A6BB6_height.h.rtex.dds,40.0
0A01483F079FE9C7,assets/ingested/0A01483F079FE9C7_albedo.a.rtex.dds,assets/ingested/0A01483F079FE9C7_normal_OTH_Normal.n.rtex.dds,,,,assets/ingested/0A01483F079FE9C7_height.h.rtex.dds,
0A562B7E019F48CB,assets/ingested/0A562B7E019F48CB_albedo.a.rtex.dds,assets/ingested/0A562B7E019F48CB_normal_OTH_Normal.n.rtex.dds,,assets/ingested/0A562B7E019F48CB_metallic.m.rtex.dds,,assets/ingested/0A562B7E019F48CB_height.h.rtex.dds,
0A5EA3820F86E24A,assets/ingested/0A5EA3820F86E24A_albedo.a.rtex.dds,assets/ingested/0A5EA3820F86E24A_normal_OTH_Normal.n.rtex.dds,,assets/ingested/0A5EA3820F86E24A_metallic.m.rtex.dds,,assets/ingested/0A5EA3820F86E24A_height.h.rtex.dds,
0A6F5644FB774C0D,assets/ingested/0A6F5644FB774C0D_albedo.a.rtex.dds,,,,,assets/ingested/0A6F5644FB774C0D_height.h.rtex.dds,
0AB92BD040E1F75E,assets/ingested/0AB92BD040E1F75E_albedo.a.rtex.dds,assets/ingested/0AB92BD040E1F75E_normal_OTH_Normal.n.rtex.dds,,,assets/ingested/0AB92BD040E1F75E_emissive.e.rtex.dds,,256.0
0B38F81994FF7AC2,assets/ingested/0B38F81994FF7AC2_albedo.a.rtex.dds,assets/ingested/0B38F81994FF7AC2_normal_OTH_Normal.n.rtex.dds,,assets/ingested/0B38F81994FF7AC2_metallic.m.rtex.dds,,assets/ingested/0B38F81994FF7AC2_height.h.rtex.dds,
0B41A967EC585E56,assets/ingested/0B41A967EC585E56_albedo_animation.a.rtex.dds,assets/ingested/0B41A967EC585E56_normal_animation_OTH_Normal.n.rtex.dds,,,assets/ingested/0B41A967EC585E56_emissive_animation.e.rtex.dds,assets/ingested/0B41A967EC585E56_height_animation.h.rtex.dds,4.0
0B9B36A039BBFCA4,assets/ingested/0B9B36A039BBFCA4_albedo_animation.a.rtex.dds,assets/ingested/0B9B36A039BBFCA4_normal_animation_OTH_Normal.n.rtex.dds,assets/ingested/0B9B36A039BBFCA4_roughness_animation.r.rtex.dds,assets/ingested/0B9B36A039BBFCA4_metallic_animation.m.rtex.dds,assets/ingested/0B9B36A039BBFCA4_emissive_animation.e.rtex.dds,assets/ingested/0B9B36A039BBFCA4_height_animation.h.rtex.dds,4.0
0BEA501B956718E0,assets/ingested/0BEA501B956718E0_albedo.a.rtex.dds,assets/ingested/0BEA501B956718E0_normal_OTH_Normal.n.rtex.dds,,,assets/ingested/0BEA501B956718E0_emissive.e.rtex.dds,,8.0
0C0638254415375F,assets/ingested/0C0638254415375F_albedo.a.rtex.dds,assets/ingested/0C0638254415375F_normal_OTH_Normal.n.rtex.dds,,,assets/ingested/0C0638254415375F_emissive.e.rtex.dds,assets/ingested/0C0638254415375F_height.h.rtex.dds,64.0
0C2995C45B2A9ACF,assets/ingested/ThrusterExplosion.a.rtex.dds,,,,assets/ingested/ThrusterExplosion.a.rtex.dds,,2.0
0C3E3F1EA06223B5,assets/ingested/0C3E3F1EA06223B5_albedo.a.rtex.dds,assets/ingested/0C3E3F1EA06223B5_normal_OTH_Normal.n.rtex.dds,,,,,
0CA4BB2D7E487248,assets/ingested/0CA4BB2D7E487248_animation_albedo.a.rtex.dds,,,,assets/ingested/0CA4BB2D7E487248_animation_emissive.e.rtex.dds,assets/ingested/0CA4BB2D7E487248_animation_albedo.a.rtex.dds,256.0
0CFBF5B4663710C6,assets/ingested/0CFBF5B4663710C6_albedo.a.rtex.dds,assets/ingested/0CFBF5B4663710C6_normal_OTH_Normal.n.rtex.dds,,,,,
0D5C73FA9016358A,assets/ingested/0D5C73FA9016358A_albedo.a.rtex.dds,assets/ingested/0D5C73FA9016358A_normal_OTH_Normal.n.rtex.dds,assets/ingested/0D5C73FA9016358A_roughness.r.rtex.dds,assets/ingested/0D5C73FA9016358A_metallic.m.rtex.dds,,assets/ingested/0D5C73FA9016358A_height.h.rtex.dds,
0D7E1B30DD28C833,assets/ingested/0D7E1B30DD28C833_albedo.a.rtex.dds,assets/ingested/0D7E1B30DD28C833_normal_OTH_Normal.n.rtex.dds,,,,assets/ingested/0D7E1B30DD28C833_height.h.rtex.dds,
0D7FB4685274B12B,assets/ingested/0D7FB4685274B12B_albedo.a.rtex.dds,assets/ingested/0D7FB4685274B12B_normal_OTH_Normal.n.rtex.dds,,,,assets/ingested/0D7FB4685274B12B_height.h.rtex.dds,
0DCF79F8DE71590E,assets/ingested/0DCF79F8DE71590E_albedo.a.rtex.dds,assets/ingested/0DCF79F8DE71590E_normal_OTH_Normal.n.rtex.dds,,,,,
0E24EC51B3FAC462,assets/ingested/0E24EC51B3FAC462_albedo.a.rtex.dds,assets/ingested/0E24EC51B3FAC462_normal_OTH_Normal.n.rtex.dds,,,,assets/ingested/0E24EC51B3FAC462_height.h.rtex.dds,
0E55780D919FEB4B,assets/ingested/0E55780D919FEB4B_albedo.a.rtex.dds,assets/ingested/0E55780D919FEB4B_normal_OTH_Normal.n.rtex.dds,,,,,
0E6C02E4A751A601,assets/ingested/0E6C02E4A751A601_albedo.a.rtex.dds,assets/ingested/0E6C02E4A751A601_normal_OTH_Normal.n.rtex.dds,,,,assets/ingested/0E6C02E4A751A601_height.h.rtex.dds,
0FD3E1BD1FCE17C6,assets/ingested/0FD3E1BD1FCE17C6_albedo.a.rtex.dds,assets/ingested/0FD3E1BD1FCE17C6_normal_OTH_Normal.n.rtex.dds,assets/ingested/0FD3E1BD1FCE17C6_roughness.r.rtex.dds,assets/ingested/0FD3E1BD1FCE17C6_metallic.m.rtex.dds,,assets/ingested/0FD3E1BD1FCE17C6_height.h.rtex.dds,
0FD717DFA336CEDB,assets/ingested/0FD717DFA336CEDB_albedo.a.rtex.dds,assets/ingested/0FD717DFA336CEDB_normal_OTH_Normal.n.rtex.dds,,,,assets/ingested/0FD717DFA336CEDB_height.h.rtex.dds,
100B01A16A87B22B,assets/ingested/100B01A16A87B22B_albedo.a.rtex.dds,assets/ingested/100B01A16A87B22B_normal_OTH_Normal.n.rtex.dds,,,assets/ingested/100B01A16A87B22B_albedo.a.rtex.dds,,16.0
10E5FB5609F3176B,assets/ingested/10E5FB5609F3176B_albedo.a.rtex.dds,assets/ingested/426C8DBA4F14F12C_normal_OTH_Normal.n.rtex.dds,,,,assets/ingested/426C8DBA4F14F12C_height.h.rtex.dds,
112DF7E1E76F5795,assets/ingested/112DF7E1E76F5795_albedo.a.rtex.dds,assets/ingested/112DF7E1E76F5795_normal_OTH_Normal.n.rtex.dds,,,,,
11705972D6ED08D5,assets/ingested/11705972D6ED08D5_albedo.a.rtex.dds,assets/ingested/11705972D6ED08D5_normal_OTH_Normal.n.rtex.dds,,assets/ingested/11705972D6ED08D5_metallic.m.rtex.dds,,assets/ingested/11705972D6ED08D5_height.h.rtex.dds,
11A56BD000F0D254,assets/ingested/11A56BD000F0D254_albedo.a.rtex.dds,assets/ingested/11A56BD000F0D254_normal_OTH_Normal.n.rtex.dds,,,assets/ingested/11A56BD000F0D254_emissive.e.rtex.dds,assets/ingested/11A56BD000F0D254_height.h.rtex.dds,3.0
11C46951D996C902,assets/ingested/11C46951D996C902_albeddo.a.rtex.dds,assets/ingested/11C46951D996C902_normal_OTH_Normal.n.rtex.dds,,,,assets/ingested/11C46951D996C902_height.h.rtex.dds,
123942872AC3FB8D,assets/ingested/123942872AC3FB8D_albedo.a.rtex.dds,assets/ingested/123942872AC3FB8D_normal_OTH_Normal.n.rtex.dds,,,,assets/ingested/123942872AC3FB8D_height.h.rtex.dds,
12F17A1D25A31CEF,assets/ingested/12F17A1D25A31CEF_albedo.a.rtex.dds,assets/ingested/12F17A1D25A31CEF_normal_OTH_Normal.n.rtex.dds,,,,,
134FF69BB80D117E,assets/ingested/134FF69BB80D117E_albedo.a.rtex.dds,assets/ingested/134FF69BB80D117E_normal_OTH_Normal.n.rtex.dds,assets/ingested/134FF69BB80D117E_roughness.r.rtex.dds,assets/ingested/134FF69BB80D117E_metallic.m.rtex.dds,,assets/ingested/134FF69BB80D117E_height.h.rtex.dds,
1394BD66E64888EA,assets/ingested/1394BD66E64888EA_albedo.a.rtex.dds,assets/ingested/1394BD66E64888EA_normal_OTH_Normal.n.rtex.dds,,,,assets/ingested/1394BD66E64888EA_height.h.rtex.dds,
13B121003E0A6E0F,assets/ingested/13B121003E0A6E0F_albedo.a.rtex.dds,assets/ingested/13B121003E0A6E0F_normal_OTH_Normal.n.rtex.dds,,,,,
1473FC43CD96BF5C,assets/ingested/1473FC43CD96BF5C_albedo.a.rtex.dds,assets/ingested/1473FC43CD96BF5C_normal_OTH_Normal.n.rtex.dds,,assets/ingested/1473FC43CD96BF5C_metallic.m.rtex.dds,assets/ingested/1473FC43CD96BF5C_emissive.e.rtex.dds,assets/ingested/1473FC43CD96BF5C_height.h.rtex.dds,0.5
14BBD8C8BDC3268B,assets/ingested/14BBD8C8BDC3268B_albedo.a.rtex.dds,assets/ingested/14BBD8C8BDC3268B_normal_OTH_Normal.n.rtex.dds,,,assets/ingested/14BBD8C8BDC3268B_emissive.e.rtex.dds,assets/ingested/14BBD8C8BDC3268B_height.h.rtex.dds,6.0
14C113E4D645E3B9,assets/ingested/14C113E4D645E3B9_albedo.a.rtex.dds,assets/ingested/14C113E4D645E3B9_normal_OTH_Normal.n.rtex.dds,,,,assets/ingested/14C113E4D645E3B9_height.h.rtex.dds,
14CD254B2A86ADC1,assets/ingested/14CD254B2A86ADC1_albedo.a.rtex.dds,assets/ingested/14CD254B2A86ADC1_normal_OTH_Normal.n.rtex.dds,assets/ingested/14CD254B2A86ADC1_roughness.r.rtex.dds,assets/ingested/14CD254B2A86ADC1_metallic.m.rtex.dds,,assets/ingested/14CD254B2A86ADC1_height.h.rtex.dds,
1575C5E3BF86C55C,assets/ingested/1575C5E3BF86C55C_albedo.a.rtex.dds,assets/ingested/1575C5E3BF86C55C_normal_OTH_Normal.n.rtex.dds,,,,assets/ingested/1575C5E3BF86C55C_height.h.rtex.dds,
159CF4046ECC816F,assets/ingested/159CF4046ECC816F_animation.a.rtex.dds,,,,assets/ingested/159CF4046ECC816F_animation_emissive.e.rtex.dds,,8.0
15AD7C0C0FCA317A,assets/ingested/15AD7C0C0FCA317A_albedo.a.rtex.dds,assets/ingested/15AD7C0C0FCA317A_normal_OTH_Normal.n.rtex.dds,,,,assets/ingested/15AD7C0C0FCA317A_height2.h.rtex.dds,
15B2BB66A96DFE98,assets/ingested/15B2BB66A96DFE98_albedo.a.rtex.dds,assets/ingested/15B2BB66A96DFE98_normal_OTH_Normal.n.rtex.dds,,,,assets/ingested/15B2BB66A96DFE98_height.h.rtex.dds,
163ADE45895EF58D,assets/ingested/163ADE45895EF58D_albedo.a.rtex.dds,assets/ingested/163ADE45895EF58D_normal_OTH_Normal.n.rtex.dds,,,,,
16506D660AF3739C,assets/ingested/16506D660AF3739C_albedo.a.rtex.dds,assets/ingested/16506D660AF3739C_normal_OTH_Normal.n.rtex.dds,assets/ingested/16506D660AF3739C_roughness.r.rtex.dds,assets/ingested/16506D660AF3739C_metallic.m.rtex.dds,,,
166DDB7123F5D0A6,assets/ingested/166DDB7123F5D0A6_albedo.a.rtex.dds,assets/ingested/166DDB7123F5D0A6_normal_OTH_Normal.n.rtex.dds,,,,assets/ingested/166DDB7123F5D0A6_height.h.rtex.dds,
1695B511435EDAFC,assets/ingested/1695B511435EDAFC_albedo.a.rtex.dds,assets/ingested/1695B511435EDAFC_normal_OTH_Normal.n.rtex.dds,,,,assets/ingested/1695B511435EDAFC_height.h.rtex.dds,
16FB07805667DFDC,assets/ingested/16FB07805667DFDC_albedo.a.rtex.dds,assets/ingested/16FB07805667DFDC_normal_OTH_Normal.n.rtex.dds,,,,assets/ingested/16FB07805667DFDC_height.h.rtex.dds,
170A05DA6160ACED,assets/ingested/170A05DA6160ACED_albedo.a.rtex.dds,assets/ingested/170A05DA6160ACED_normal_OTH_Normal.n.rtex.dds,,,assets/ingested/170A05DA6160ACED_emissive.e.rtex.dds,assets/ingested/170A05DA6160ACED_height.h.rtex.dds,4.0
17A45741870B35B5,assets/ingested/17A45741870B35B5_albedo.a.rtex.dds,assets/ingested/17A45741870B35B5_normal_OTH_Normal.n.rtex.dds,,,,assets/ingested/17A45741870B35B5_height.h.rtex.dds,
17CF702D73FD5679,assets/ingested/17CF702D73FD5679_albedo.a.rtex.dds,assets/ingested/17CF702D73FD5679_normal_OTH_Normal.n.rtex.dds,assets/ingested/17CF702D73FD5679_roughness.r.rtex.dds,assets/ingested/17CF702D73FD5679_metallic.m.rtex.dds,assets/ingested/17CF702D73FD5679_emissive.e.rtex.dds,,124.0
18180F4164BB190D,assets/ingested/18180F4164BB190D_albedo.a.rtex.dds,assets/ingested/426C8DBA4F14F12C_normal_OTH_Normal.n.rtex.dds,,,,assets/ingested/426C8DBA4F14F12C_height.h.rtex.dds,
1864668FFC607124,assets/ingested/1864668FFC607124_albedo.a.rtex.dds,assets/ingested/1864668FFC607124_normal_OTH_Normal.n.rtex.dds,,,,assets/ingested/1864668FFC607124_height.h.rtex.dds,
188084CFA4E03FA6,assets/ingested/EA0309C5417C7C9E_albedo.a.rtex.dds,assets/ingested/EA0309C5417C7C9E_normal_OTH_Normal.n.rtex.dds,,,assets/ingested/EA0309C5417C7C9E_emissive.e.rtex.dds,assets/ingested/EA0309C5417C7C9E_height.h.rtex.dds,4.0
189914F499D388C7,assets/ingested/189914F499D388C7_albedo.a.rtex.dds,assets/ingested/189914F499D388C7_normal_OTH_Normal.n.rtex.dds,,,,assets/ingested/189914F499D388C7_height.h.rtex.dds,
18B041325F1D3685,assets/ingested/18B041325F1D3685_albedo.a.rtex.dds,assets/ingested/18B041325F1D3685_normal_OTH_Normal.n.rtex.dds,,,,,
190D18403192C38F,assets/ingested/190D18403192C38F_albedo.a.rtex.dds,,,,,,
190E0B6ADFD331A7,assets/ingested/190E0B6ADFD331A7_albedo.a.rtex.dds,assets/ingested/190E0B6ADFD331A7_normal_OTH_Normal.n.rtex.dds,,,,assets/ingested/190E0B6ADFD331A7_height.h.rtex.dds,
19392C34DA871D2A,assets/ingested/19392C34DA871D2A_albedo.a.rtex.dds,assets/ingested/19392C34DA871D2A_normal_OTH_Normal.n.rtex.dds,,,,assets/ingested/19392C34DA871D2A_height.h.rtex.dds,
194B95D2B4E11B4B,assets/ingested/194B95D2B4E11B4B_albedo.a.rtex.dds,assets/ingested/194B95D2B4E11B4B_normal_OTH_Normal.n.rtex.dds,assets/ingested/194B95D2B4E11B4B_roughness.r.rtex.dds,assets/ingested/194B95D2B4E11B4B_metallic.m.rtex.dds,,,
19FCC1A92D9CF813,assets/ingested/19FCC1A92D9CF813_albedo.a.rtex.dds,assets/ingested/19FCC1A92D9CF813_normal_OTH_Normal.n.rtex.dds,,,,,
1A339730D378C467,assets/ingested/1A339730D378C467_albedo.a.rtex.dds,assets/ingested/1A339730D378C467_normal_OTH_Normal.n.rtex.dds,,,,,
1AD419FA7A44A343,assets/ingested/1AD419FA7A44A343_albedo.a.rtex.dds,assets/ingested/1AD419FA7A44A343_normal_OTH_Normal.n.rtex.dds,,,,assets/ingested/1AD419FA7A44A343_height.h.rtex.dds,
1AE4D1D100C1A629,assets/ingested/1AE4D1D100C1A629_albedo.a.rtex.dds,assets/ingested/1AE4D1D100C1A629_normal_OTH_Normal.n.rtex.dds,,,assets/ingested/1AE4D1D100C1A629_emissive.e.rtex.dds,assets/ingested/1AE4D1D100C1A629_height.h.rtex.dds,4.0
1AEE342949FA3041,assets/ingested/1AEE342949FA3041_albedo.a.rtex.dds,assets/ingested/1AEE342949FA3041_normal_OTH_Normal.n.rtex.dds,assets/ingested/1AEE342949FA3041_roughness.r.rtex.dds,assets/ingested/1AEE342949FA3041_metallic.m.rtex.dds,assets/ingested/1AEE342949FA3041_emissive.e.rtex.dds,assets/ingested/1AEE342949FA3041_height.h.rtex.dds,24.0
1B3BCC8E3C440C21,assets/ingested/1B3BCC8E3C440C21_albedo.a.rtex.dds,,assets/ingested/1B3BCC8E3C440C21_roughness.r.rtex.dds,assets/ingested/1B3BCC8E3C440C21_metallic.m.rtex.dds,,,
1B665380AA6B54C5,assets/ingested/1B665380AA6B54C5_albedo_animation.a.rtex.dds,assets/ingested/1B665380AA6B54C5_normal_animation_OTH_Normal.n.rtex.dds,,,assets/ingested/1B665380AA6B54C5_emissive_animation.e.rtex.dds,assets/ingested/1B665380AA6B54C5_height_animation.h.rtex.dds,48.0
1BFB15739EBF71CC,assets/ingested/1BFB15739EBF71CC_albedo.a.rtex.dds,assets/ingested/1BFB15739EBF71CC_normal_OTH_Normal.n.rtex.dds,assets/ingested/1BFB15739EBF71CC_roughness.r.rtex.dds,assets/ingested/1BFB15739EBF71CC_metallic.m.rtex.dds,,assets/ingested/1BFB15739EBF71CC_height.h.rtex.dds,
1C0BCEED86C0A493,assets/ingested/1C0BCEED86C0A493_albedo.a.rtex.dds,assets/ingested/1C0BCEED86C0A493_normal_OTH_Normal.n.rtex.dds,assets/ingested/1C0BCEED86C0A493_roughness.r.rtex.dds,assets/ingested/1C0BCEED86C0A493_metallic.m.rtex.dds,,assets/ingested/1C0BCEED86C0A493_height.h.rtex.dds,
1C18E0F9E2B7A393,assets/ingested/1C18E0F9E2B7A393_albedo.a.rtex.dds,assets/ingested/1C18E0F9E2B7A393_normal_OTH_Normal.n.rtex.dds,,,assets/ingested/1C18E0F9E2B7A393_emissive.e.rtex.dds,assets/ingested/1C18E0F9E2B7A393_height.h.rtex.dds,12.0
1C7462F215A07896,assets/ingested/1C7462F215A07896_albedo.a.rtex.dds,assets/ingested/1C7462F215A07896_normal_OTH_Normal.n.rtex.dds,,,assets/ingested/1C7462F215A07896_emissive.e.rtex.dds,assets/ingested/1C7462F215A07896_height.h.rtex.dds,48.0
1C88CB4CCD33AA31,assets/ingested/1C88CB4CCD33AA31_albedo.a.rtex.dds,assets/ingested/1C88CB4CCD33AA31_normal_OTH_Normal.n.rtex.dds,,,,,
1C9AAE2B916A91DC,assets/ingested/1C9AAE2B916A91DC_albedo.a.rtex.dds,assets/ingested/1C9AAE2B916A91DC_normal_OTH_Normal.n.rtex.dds,,,,,
1CD8C81D1F675E33,assets/ingested/1CD8C81D1F675E33_albedo.a.rtex.dds,assets/ingested/1CD8C81D1F675E33_normal_OTH_Normal.n.rtex.dds,,,,assets/ingested/1CD8C81D1F675E33_height.h.rtex.dds,
1D01141487F609DC,assets/ingested/1D01141487F609DC_albedo.a.rtex.dds,assets/ingested/1D01141487F609DC_normal_OTH_Normal.n.rtex.dds,assets/ingested/1D01141487F609DC_roughness.r.rtex.dds,assets/ingested/1D01141487F609DC_metallic.m.rtex.dds,,assets/ingested/1D01141487F609DC_height.h.rtex.dds,
1D13DCD198F4679C,assets/ingested/1D13DCD198F4679C_albedo.a.rtex.dds,assets/ingested/1D13DCD198F4679C_normal_OTH_Normal.n.rtex.dds,assets/ingested/1D13DCD198F4679C_roughness.r.rtex.dds,assets/ingested/1D13DCD198F4679C_metallic.m.rtex.dds,,assets/ingested/1D13DCD198F4679C_height.h.rtex.dds,
1D2730AC34F7356D,assets/ingested/1D2730AC34F7356D_albedo.a.rtex.dds,assets/ingested/1D2730AC34F7356D_normal_OTH_Normal.n.rtex.dds,,,,assets/ingested/1D2730AC34F7356D_height.h.rtex.dds,
1D7B257E1AE23C24,assets/ingested/1D7B257E1AE23C24_albedo.a.rtex.dds,assets/ingested/1D7B257E1AE23C24_normal_OTH_Normal.n.rtex.dds,,,,assets/ingested/1D7B257E1AE23C24_height.h.rtex.dds,
1D97F62E62772B4E,assets/ingested/1D97F62E62772B4E_albedo.a.rtex.dds,assets/ingested/1D97F62E62772B4E_normal_OTH_Normal.n.rtex.dds,,,,assets/ingested/1D97F62E62772B4E_height.h.rtex.dds,
1DB48ACF1A2D981A,assets/ingested/1DB48ACF1A2D981A_albedo.a.rtex.dds,assets/ingested/1DB48ACF1A2D981A_normal_OTH_Normal.n.rtex.dds,,,,assets/ingested/1DB48ACF1A2D981A_height.h.rtex.dds,
1DBC041D19227D74,assets/ingested/0B9B36A039BBFCA4_albedo_animation.a.rtex.dds,assets/ingested/0B9B36A039BBFCA4_normal_animation_OTH_Normal.n.rtex.dds,assets/ingested/0B9B36A039BBFCA4_metallic_animation.m.rtex.dds,assets/ingested/0B9B36A039BBFCA4_metallic_animation.m.rtex.dds,assets/ingested/0B9B36A039BBFCA4_emissive_animation.e.rtex.dds,assets/ingested/0B9B36A039BBFCA4_height_animation.h.rtex.dds,2.0
1DBC0B2D276E681A,assets/ingested/1DBC0B2D276E681A_albedo.a.rtex.dds,assets/ingested/1DBC0B2D276E681A_normal_OTH_Normal.n.rtex.dds,,,assets/ingested/1DBC0B2D276E681A_emissive.e.rtex.dds,assets/ingested/1DBC0B2D276E681A_height.h.rtex.dds,24.0
1DE4FDCAB8C6DDD2,assets/ingested/1DE4FDCAB8C6DDD2_albedo.a.rtex.dds,assets/ingested/1DE4FDCAB8C6DDD2_normal_OTH_Normal.n.rtex.dds,,,,assets/ingested/1DE4FDCAB8C6DDD2_height.h.rtex.dds,
1E27795CB040DD49,assets/ingested/1E27795CB040DD49_albedo_animation.a.rtex.dds,assets/ingested/1E27795CB040DD49_normal_animation_OTH_Normal.n.rtex.dds,,,assets/ingested/1E27795CB040DD49_emissive_animation.e.rtex.dds,assets/ingested/1E27795CB040DD49_height_animation.h.rtex.dds,24.0
1E7C925F9FA8ADF1,assets/ingested/1E7C925F9FA8ADF1_albedo.a.rtex.dds,assets/ingested/1E7C925F9FA8ADF1_normal_OTH_Normal.n.rtex.dds,,,,assets/ingested/1E7C925F9FA8ADF1_height.h.rtex.dds,
1F21806BCF245DD8,assets/ingested/1F21806BCF245DD8_albedo.a.rtex.dds,assets/ingested/1F21806BCF245DD8_normal_OTH_Normal.n.rtex.dds,,,,assets/ingested/1F21806BCF245DD8_height.h.rtex.dds,
1F23B6846C0EF33E,assets/ingested/1F23B6846C0EF33E_albedo.a.rtex.dds,assets/ingested/1F23B6846C0EF33E_normal_OTH_Normal.n.rtex.dds,,,,assets/ingested/1F23B6846C0EF33E_height.h.rtex.dds,
1F9220808362F77A,assets/ingested/1F9220808362F77A_albedo.a.rtex.dds,assets/ingested/1F9220808362F77A_normal_OTH_Normal.n.rtex.dds,,assets/ingested/1F9220808362F77A_metallic.m.rtex.dds,assets/ingested/1F9220808362F77A_emissive.e.rtex.dds,assets/ingested/1F9220808362F77A_height.h.rtex.dds,4.0
205DD3FA1537B447,assets/ingested/205DD3FA1537B447_albedo.a.rtex.dds,assets/ingested/205DD3FA1537B447_normal_OTH_Normal.n.rtex.dds,,,,assets/ingested/205DD3FA1537B447_height.h.rtex.dds,
2146E4919526D361,assets/ingested/2146E4919526D361_albedo.a.rtex.dds,assets/ingested/2146E4919526D361_normal_OTH_Normal.n.rtex.dds,,,,,40.0
216F1BDF5405DDC5,assets/ingested/216F1BDF5405DDC5_albedo.a.rtex.dds,assets/ingested/216F1BDF5405DDC5_normal_OTH_Normal.n.rtex.dds,,,,,
21C3D355BC027380,assets/ingested/21C3D355BC027380_albedo.a.rtex.dds,assets/ingested/21C3D355BC027380_normal_OTH_Normal.n.rtex.dds,,,,,
21E72B8334E62360,assets/ingested/rocket.a.rtex.dds,,,,assets/ingested/rocket.a.rtex.dds,,24.0
2227FDB19192C354,assets/ingested/2227FDB19192C354_albedo.a.rtex.dds,assets/ingested/2227FDB19192C354_normal_OTH_Normal.n.rtex.dds,,,assets/ingested/2227FDB19192C354_emisive.a.rtex.dds,,64.0
224DDE44B2444C6F,assets/ingested/224DDE44B2444C6F_albedo.a.rtex.dds,assets/ingested/224DDE44B2444C6F_normal_OTH_Normal.n.rtex.dds,,,,assets/ingested/224DDE44B2444C6F_height.h.rtex.dds,
22FCC8B8B31D76DC,assets/ingested/22FCC8B8B31D76DC_albedo.a.rtex.dds,assets/ingested/22FCC8B8B31D76DC_normal_OTH_Normal.n.rtex.dds,,,,assets/ingested/22FCC8B8B31D76DC_height.h.rtex.dds,
2306D1FF075B105D,assets/ingested/2306D1FF075B105D_albedo.a.rtex.dds,assets/ingested/2306D1FF075B105D_normal_OTH_Normal.n.rtex.dds,,,,,
23370C564252BD15,assets/ingested/23370C564252BD15_albedo.a.rtex.dds,assets/ingested/23370C564252BD15_normal_OTH_Normal.n.rtex.dds,,,,assets/ingested/23370C564252BD15_height2.h.rtex.dds,
234611D7413B55F9,assets/ingested/234611D7413B55F9_albedo.a.rtex.dds,,,,assets/ingested/234611D7413B55F9_albedo.a.rtex.dds,,212.0
23D39CA66746D436,assets/ingested/23D39CA66746D436_albedo.a.rtex.dds,assets/ingested/23D39CA66746D436_normal_OTH_Normal.n.rtex.dds,,,,assets/ingested/23D39CA66746D436_height.h.rtex.dds,
23F10F7C17E8FD97,assets/ingested/23F10F7C17E8FD97_albedo.a.rtex.dds,assets/ingested/23F10F7C17E8FD97_normal_OTH_Normal.n.rtex.dds,assets/ingested/23F10F7C17E8FD97_roughness.r.rtex.dds,assets/ingested/23F10F7C17E8FD97_metallic.m.rtex.dds,assets/ingested/23F10F7C17E8FD97_emissive.e.rtex.dds,assets/ingested/23F10F7C17E8FD97_height.h.rtex.dds,8.0
2427F755933BD283,assets/ingested/2427F755933BD283_albedo.a.rtex.dds,assets/ingested/2427F755933BD283_normal_OTH_Normal.n.rtex.dds,,,assets/ingested/2427F755933BD283_emissive.e.rtex.dds,assets/ingested/2427F755933BD283_height.h.rtex.dds,48.0
2451AFE30FF27393,assets/ingested/F486893C707D003D_albedo.a.rtex.dds,assets/ingested/F486893C707D003D_normal_OTH_Normal.n.rtex.dds,assets/ingested/F486893C707D003D_roughness.r.rtex.dds,,,assets/ingested/F486893C707D003D_height.h.rtex.dds,
245984770B7491F4,assets/ingested/245984770B7491F4_albedo.a.rtex.dds,assets/ingested/245984770B7491F4_normal_OTH_Normal.n.rtex.dds,,,assets/ingested/245984770B7491F4_emissive.e.rtex.dds,assets/ingested/245984770B7491F4_height.h.rtex.dds,24.0
2460F4B8A4590CF0,assets/ingested/2460F4B8A4590CF0_albedo.a.rtex.dds,assets/ingested/2460F4B8A4590CF0_normal_OTH_Normal.n.rtex.dds,,,,assets/ingested/2460F4B8A4590CF0_height.h.rtex.dds,
2532FC7C8300C289,assets/ingested/2532FC7C8300C289_albedo.a.rtex.dds,assets/ingested/2532FC7C8300C289_normal_OTH_Normal.n.rtex.dds,,,,,
254CA061544D5AC4,assets/ingested/254CA061544D5AC4_albedo.a.rtex.dds,assets/ingested/254CA061544D5AC4_normal_OTH_Normal.n.rtex.dds,,,assets/ingested/254CA061544D5AC4_emissive.e.rtex.dds,,48.0
2572127811470F30,assets/ingested/2572127811470F30_albedo.a.rtex.dds,assets/ingested/426C8DBA4F14F12C_normal_OTH_Normal.n.rtex.dds,,,,assets/ingested/426C8DBA4F14F12C_height.h.rtex.dds,
264471F0AB95CDF9,assets/ingested/264471F0AB95CDF9_albedo.a.rtex.dds,assets/ingested/264471F0AB95CDF9_normal_OTH_Normal.n.rtex.dds,,,,assets/ingested/264471F0AB95CDF9_height.h.rtex.dds,
26666BA344D9B2DE,assets/ingested/26666BA344D9B2DE_albedo.a.rtex.dds,assets/ingested/26666BA344D9B2DE_normal_OTH_Normal.n.rtex.dds,assets/ingested/26666BA344D9B2DE_roughness.r.rtex.dds,assets/ingested/26666BA344D9B2DE_metallic.m.rtex.dds,,assets/ingested/26666BA344D9B2DE_height.h.rtex.dds,
268B224C705032E5,assets/ingested/268B224C705032E5_albedo.a.rtex.dds,assets/ingested/268B224C705032E5_normal_OTH_Normal.n.rtex.dds,assets/ingested/268B224C705032E5_roughness.r.rtex.dds,assets/ingested/268B224C705032E5_metallic.m.rtex.dds,,assets/ingested/268B224C705032E5_height2.h.rtex.dds,
26EE2A7270F18D89,assets/ingested/26EE2A7270F18D89_albedo.a.rtex.dds,assets/ingested/26EE2A7270F18D89_normal_OTH_Normal.n.rtex.dds,,,,assets/ingested/26EE2A7270F18D89_height.h.rtex.dds,
26FAFF19DFCD13B7,assets/ingested/26FAFF19DFCD13B7_albedo.a.rtex.dds,assets/ingested/26FAFF19DFCD13B7_normal_OTH_Normal.n.rtex.dds,,,,assets/ingested/26FAFF19DFCD13B7_height.h.rtex.dds,
272FA0C43B2F8EA1,assets/ingested/272FA0C43B2F8EA1_albedo.a.rtex.dds,assets/ingested/272FA0C43B2F8EA1_normal_OTH_Normal.n.rtex.dds,,,,assets/ingested/272FA0C43B2F8EA1_height.h.rtex.dds,
27431B6BF8417807,assets/ingested/27431B6BF8417807_albedo.a.rtex.dds,assets/ingested/27431B6BF8417807_normal_OTH_Normal.n.rtex.dds,,,,assets/ingested/27431B6BF8417807_height.h.rtex.dds,
27B5FA432539B566,assets/ingested/27B5FA432539B566_albedo.a.rtex.dds,assets/ingested/27B5FA432539B566_normal_OTH_Normal.n.rtex.dds,assets/ingested/27B5FA432539B566_roughness.r.rtex.dds,assets/ingested/27B5FA432539B566_metallic.m.rtex.dds,,assets/ingested/27B5FA432539B566_height.h.rtex.dds,
280DDDD232CC105B,assets/ingested/280DDDD232CC105B_albedo.a.rtex.dds,assets/ingested/280DDDD232CC105B_normal_OTH_Normal.n.rtex.dds,,,,,
28134914D721E0FE,assets/ingested/28134914D721E0FE_albedo.a.rtex.dds,assets/ingested/28134914D721E0FE_normal_OTH_Normal.n.rtex.dds,,,assets/ingested/28134914D721E0FE_emissive.e.rtex.dds,,982.55994
2824E892AD66D7B4,assets/ingested/2824E892AD66D7B4_albedo.a.rtex.dds,assets/ingested/2824E892AD66D7B4_normal_OTH_Normal.n.rtex.dds,,,,assets/ingested/2824E892AD66D7B4_height.h.rtex.dds,
283E9A83CBE63782,assets/ingested/283E9A83CBE63782_albedo_animation.a.rtex.dds,assets/ingested/283E9A83CBE63782_normal_animation_OTH_Normal.n.rtex.dds,,,assets/ingested/283E9A83CBE63782_emissive_animation.e.rtex.dds,assets/ingested/283E9A83CBE63782_height_animation.h.rtex.dds,48.0
290FBD2188E5AED9,assets/ingested/290FBD2188E5AED9_albedo.a.rtex.dds,assets/ingested/290FBD2188E5AED9_normal_OTH_Normal.n.rtex.dds,,,,assets/ingested/290FBD2188E5AED9_height.h.rtex.dds,
295C476CEA3FA7E3,assets/ingested/295C476CEA3FA7E3_albedo.a.rtex.dds,assets/ingested/295C476CEA3FA7E3_normal_OTH_Normal.n.rtex.dds,,assets/ingested/295C476CEA3FA7E3_metallic.m.rtex.dds,,assets/ingested/295C476CEA3FA7E3_height.h.rtex.dds,
2A3B825C91E48396,assets/ingested/2A3B825C91E48396_albedo.a.rtex.dds,,,,assets/ingested/2A3B825C91E48396_albedo.a.rtex.dds,,3.0
2B0B0F0C94C1653A,assets/ingested/2B0B0F0C94C1653A_albedo.a.rtex.dds,assets/ingested/2B0B0F0C94C1653A_normal_OTH_Normal.n.rtex.dds,,,,,
2B153108DEBA8E20,assets/ingested/2B153108DEBA8E20_albedo.a.rtex.dds,assets/ingested/2B153108DEBA8E20_normal_OTH_Normal.n.rtex.dds,assets/ingested/2B153108DEBA8E20_roughness.r.rtex.dds,assets/ingested/2B153108DEBA8E20_metallic.m.rtex.dds,assets/ingested/2B153108DEBA8E20_emissive.e.rtex.dds,assets/ingested/2B153108DEBA8E20_height.h.rtex.dds,1.0
2B29359C8133A1C9,assets/ingested/2B29359C8133A1C9_albedo.a.rtex.dds,assets/ingested/2B29359C8133A1C9_normal_OTH_Normal.n.rtex.dds,,,,assets/ingested/2B29359C8133A1C9_height.h.rtex.dds,
2BCE79D83B75DAB2,assets/ingested/2BCE79D83B75DAB2_albedo.a.rtex.dds,assets/ingested/2BCE79D83B75DAB2_normal_OTH_Normal.n.rtex.dds,,assets/ingested/2BCE79D83B75DAB2_metallic.m.rtex.dds,,assets/ingested/2BCE79D83B75DAB2_height.h.rtex.dds,
2C57E9F564EAEFAF,assets/ingested/2C57E9F564EAEFAF_albedo.a.rtex.dds,assets/ingested/2C57E9F564EAEFAF_normal_OTH_Normal.n.rtex.dds,,,,assets/ingested/2C57E9F564EAEFAF_height.h.rtex.dds,
2C6221A1ED4D775C,assets/ingested/2C6221A1ED4D775C_albedo.a.rtex.dds,assets/ingested/426C8DBA4F14F12C_normal_OTH_Normal.n.rtex.dds,,,,,
2C8F0201D97252C1,assets/ingested/2C8F0201D97252C1_albedo.a.rtex.dds,assets/ingested/2C8F0201D97252C1_normal_OTH_Normal.n.rtex.dds,assets/ingested/2C8F0201D97252C1_roughness.r.rtex.dds,assets/ingested/2C8F0201D97252C1_metallic.m.rtex.dds,,assets/ingested/2C8F0201D97252C1_height.h.rtex.dds,
2CB1BC6C3EC74B09,assets/ingested/2CB1BC6C3EC74B09_albedo.a.rtex.dds,assets/ingested/2CB1BC6C3EC74B09_normal_OTH_Normal.n.rtex.dds,,,assets/ingested/2CB1BC6C3EC74B09_emissive.e.rtex.dds,assets/ingested/2CB1BC6C3EC74B09_height2.h.rtex.dds,24.0
2CD3097D73E8AF66,assets/ingested/2CD3097D73E8AF66_albedo.a.rtex.dds,,,,assets/ingested/2CD3097D73E8AF66_emissive.e.rtex.dds,assets/ingested/2CD3097D73E8AF66_height.h.rtex.dds,2.0
2D57006C2452D4CB,assets/ingested/2D57006C2452D4CB_albedo.a.rtex.dds,assets/ingested/2D57006C2452D4CB_normal_OTH_Normal.n.rtex.dds,,,,assets/ingested/2D57006C2452D4CB_height.h.rtex.dds,
2D6774C21E1B0D24,assets/ingested/2D6774C21E1B0D24_albedo.a.rtex.dds,assets/ingested/2D6774C21E1B0D24_normal_OTH_Normal.n.rtex.dds,assets/ingested/2D6774C21E1B0D24_roughness.r.rtex.dds,assets/ingested/2D6774C21E1B0D24_metallic.m.rtex.dds,,assets/ingested/2D6774C21E1B0D24_height.h.rtex.dds,
2D8DF01A01F6501C,assets/ingested/2D8DF01A01F6501C_albedo.a.rtex.dds,assets/ingested/2D8DF01A01F6501C_normal_n_OTH_Normal.n.rtex.dds,,,,assets/ingested/2D8DF01A01F6501C_height_n.h.rtex.dds,
2DA78C7E4231AA16,assets/ingested/2DA78C7E4231AA16_albedo.a.rtex.dds,assets/ingested/2DA78C7E4231AA16_normal_OTH_Normal.n.rtex.dds,,,,,
2DE14E08B14A75FE,assets/ingested/2DE14E08B14A75FE_albedo.a.rtex.dds,assets/ingested/2DE14E08B14A75FE_normal_OTH_Normal.n.rtex.dds,,,,,
2E02D08FEBAFD485,assets/ingested/2E02D08FEBAFD485_albedo.a.rtex.dds,assets/ingested/2E02D08FEBAFD485_normal_OTH_Normal.n.rtex.dds,,,,assets/ingested/2E02D08FEBAFD485_height.h.rtex.dds,
2E327A5C6CE70206,assets/ingested/2E327A5C6CE70206_albedo.a.rtex.dds,assets/ingested/2E327A5C6CE70206_normal_OTH_Normal.n.rtex.dds,,assets/ingested/2E327A5C6CE70206_metallic.m.rtex.dds,,assets/ingested/2E327A5C6CE70206_height.h.rtex.dds,
2E7FD90135A32237,assets/ingested/2E7FD90135A32237_albedo.a.rtex.dds,assets/ingested/2E7FD90135A32237_normal_OTH_Normal.n.rtex.dds,assets/ingested/23F10F7C17E8FD97_roughness.r.rtex.dds,assets/ingested/23F10F7C17E8FD97_metallic.m.rtex.dds,assets/ingested/2E7FD90135A32237_emissive.e.rtex.dds,assets/ingested/2E7FD90135A32237_height.h.rtex.dds,2.0
2FC80C7A30DDB3D1,assets/ingested/2FC80C7A30DDB3D1_albedo.a.rtex.dds,assets/ingested/2FC80C7A30DDB3D1_normal_OTH_Normal.n.rtex.dds,,,,assets/ingested/2FC80C7A30DDB3D1_height.h.rtex.dds,
2FFA1120137D14C0,assets/ingested/2FFA1120137D14C0_albedo.a.rtex.dds,assets/ingested/2FFA1120137D14C0_normal_OTH_Normal.n.rtex.dds,,,,assets/ingested/2FFA1120137D14C0_height.h.rtex.dds,
30807B858E34F507,assets/ingested/30807B858E34F507_albedo.a.rtex.dds,assets/ingested/30807B858E34F507_normal_OTH_Normal.n.rtex.dds,assets/ingested/30807B858E34F507_roughness.r.rtex.dds,assets/ingested/30807B858E34F507_metallic.m.rtex.dds,,assets/ingested/30807B858E34F507_height.h.rtex.dds,
3109AFD67923EC40,assets/ingested/3109AFD67923EC40_albedo.a.rtex.dds,assets/ingested/3109AFD67923EC40_normal_OTH_Normal.n.rtex.dds,,,,assets/ingested/3109AFD67923EC40_height.h.rtex.dds,
315298674D9C2595,assets/ingested/315298674D9C2595_albedo.a.rtex.dds,,,,assets/ingested/315298674D9C2595_emissive.e.rtex.dds,assets/ingested/315298674D9C2595_height.h.rtex.dds,1.0
3297D57C9DFDFA0F,assets/ingested/3297D57C9DFDFA0F_albedo.a.rtex.dds,assets/ingested/3297D57C9DFDFA0F_normal_OTH_Normal.n.rtex.dds,,,,assets/ingested/3297D57C9DFDFA0F_height.h.rtex.dds,
329ABD1F50204EE8,assets/ingested/329ABD1F50204EE8_albedo.a.rtex.dds,assets/ingested/329ABD1F50204EE8_normal_OTH_Normal.n.rtex.dds,,,,assets/ingested/329ABD1F50204EE8_height.h.rtex.dds,
32CB156E64C3E482,assets/ingested/32CB156E64C3E482_albedo.a.rtex.dds,assets/ingested/32CB156E64C3E482_normal_OTH_Normal.n.rtex.dds,,,,assets/ingested/32CB156E64C3E482_height.h.rtex.dds,
32CEFEC9C52C381A,assets/ingested/60A35012A27D57DB_albedo.a.rtex.dds,assets/ingested/60A35012A27D57DB_normal_OTH_Normal.n.rtex.dds,,,,assets/ingested/60A35012A27D57DB_height.h.rtex.dds,
335726044E7DEE28,assets/ingested/335726044E7DEE28_albedo.a.rtex.dds,assets/ingested/335726044E7DEE28_normal_OTH_Normal.n.rtex.dds,,,,assets/ingested/335726044E7DEE28_height.h.rtex.dds,
3387D09A3685ABF2,assets/ingested/3387D09A3685ABF2_albedo.a.rtex.dds,assets/ingested/3387D09A3685ABF2_normal_OTH_Normal.n.rtex.dds,,,,assets/ingested/3387D09A3685ABF2_height.h.rtex.dds,
3446908B32675DA0,assets/ingested/3446908B32675DA0_albedo.a.rtex.dds,assets/ingested/3446908B32675DA0_normal_OTH_Normal.n.rtex.dds,,,,assets/ingested/3446908B32675DA0_height.h.rtex.dds,
35448FA1DBD77DB3,assets/ingested/35448FA1DBD77DB3_albedo.a.rtex.dds,assets/ingested/35448FA1DBD77DB3_normal_OTH_Normal.n.rtex.dds,,,,,
35551F9D7DE257FB,assets/ingested/35551F9D7DE257FB_albedo.a.rtex.dds,assets/ingested/35551F9D7DE257FB_normal_OTH_Normal.n.rtex.dds,,,,assets/ingested/35551F9D7DE257FB_height.h.rtex.dds,
3570857DC0BCEB05,assets/ingested/3570857DC0BCEB05_albedo.a.rtex.dds,assets/ingested/3570857DC0BCEB05_normal_OTH_Normal.n.rtex.dds,,,,assets/ingested/3570857DC0BCEB05_height.h.rtex.dds,
357A61A6F71B1FE4,assets/ingested/357A61A6F71B1FE4_albedo.a.rtex.dds,,,,,,
35AD93C92B1CE14D,assets/ingested/35AD93C92B1CE14D_albedo.a.rtex.dds,,,,assets/ingested/35AD93C92B1CE14D_emissive.e.rtex.dds,,2.0
362B9A49631B4E06,assets/ingested/362B9A49631B4E06_albedo.a.rtex.dds,assets/ingested/362B9A49631B4E06_normal_OTH_Normal.n.rtex.dds,,,,assets/ingested/362B9A49631B4E06_height.h.rtex.dds,
36B3342D25AD661C,assets/ingested/36B3342D25AD661C_albedo_animation.a.rtex.dds,assets/ingested/36B3342D25AD661C_normal_animation_OTH_Normal.n.rtex.dds,,,assets/ingested/36B3342D25AD661C_emissive_animation.e.rtex.dds,assets/ingested/36B3342D25AD661C_height_animation.h.rtex.dds,2.0
36DFF15588ABB8C1,assets/ingested/36DFF15588ABB8C1_albedo.a.rtex.dds,assets/ingested/36DFF15588ABB8C1_normal_OTH_Normal.n.rtex.dds,assets/ingested/36DFF15588ABB8C1_roughness.r.rtex.dds,assets/ingested/36DFF15588ABB8C1_metallic.m.rtex.dds,,assets/ingested/36DFF15588ABB8C1_height.h.rtex.dds,
37735BF6F8A94E27,assets/ingested/37735BF6F8A94E27_albedo.a.rtex.dds,assets/ingested/37735BF6F8A94E27_normal_OTH_Normal.n.rtex.dds,,,,assets/ingested/37735BF6F8A94E27_height.h.rtex.dds,
37A8F715BB5285FA,assets/ingested/37A8F715BB5285FA_albedo.a.rtex.dds,assets/ingested/37A8F715BB5285FA_normal_OTH_Normal.n.rtex.dds,,,,assets/ingested/37A8F715BB5285FA_height.h.rtex.dds,
37DD11F05117610A,assets/ingested/37DD11F05117610A_albedo.a.rtex.dds,assets/ingested/37DD11F05117610A_normal_OTH_Normal.n.rtex.dds,,,,assets/ingested/37DD11F05117610A_height.h.rtex.dds,
37E88F1E4B3C81D7,assets/ingested/37E88F1E4B3C81D7_albedo.a.rtex.dds,assets/ingested/37E88F1E4B3C81D7_normal_OTH_Normal.n.rtex.dds,,,,assets/ingested/37E88F1E4B3C81D7_height.h.rtex.dds,
37FABFFB02B77DC3,assets/ingested/37FABFFB02B77DC3_albedo.a.rtex.dds,assets/ingested/37FABFFB02B77DC3_normal_OTH_Normal.n.rtex.dds,,,assets/ingested/37FABFFB02B77DC3_emissive.e.rtex.dds,assets/ingested/37FABFFB02B77DC3_height.h.rtex.dds,2.0
38450EB69A0E4476,assets/ingested/38450EB69A0E4476_albedo.a.rtex.dds,assets/ingested/38450EB69A0E4476_normal_OTH_Normal.n.rtex.dds,assets/ingested/38450EB69A0E4476_roughness.r.rtex.dds,assets/ingested/38450EB69A0E4476_metallic.m.rtex.dds,,assets/ingested/38450EB69A0E4476_height.h.rtex.dds,
385F2B14C5643A40,assets/ingested/385F2B14C5643A40_albedo.a.rtex.dds,assets/ingested/385F2B14C5643A40_normal_OTH_Normal.n.rtex.dds,,,,assets/ingested/385F2B14C5643A40_height.h.rtex.dds,
38CACEB7A1FF7D9C,assets/ingested/38CACEB7A1FF7D9C_animation_albedo2.a.rtex.dds,,,,assets/ingested/38CACEB7A1FF7D9C_animation_emissive2.e.rtex.dds,,4.0
38CD66631CFA2E97,assets/ingested/38CD66631CFA2E97_albedo.a.rtex.dds,assets/ingested/38CD66631CFA2E97_normal_OTH_Normal.n.rtex.dds,assets/ingested/38CD66631CFA2E97_roughness.r.rtex.dds,assets/ingested/38CD66631CFA2E97_metallic.m.rtex.dds,,,
38D02A8A9ADD816A,assets/ingested/38D02A8A9ADD816A_albedo.a.rtex.dds,assets/ingested/38D02A8A9ADD816A_normal_OTH_Normal.n.rtex.dds,,,,assets/ingested/38D02A8A9ADD816A_height.h.rtex.dds,
39609DC21FA8AE89,assets/ingested/39609DC21FA8AE89_albedo.a.rtex.dds,assets/ingested/39609DC21FA8AE89_normal_OTH_Normal.n.rtex.dds,,,,assets/ingested/39609DC21FA8AE89_height.h.rtex.dds,
39CEABE84A1AEE6A,assets/ingested/39CEABE84A1AEE6A_albedo.a.rtex.dds,assets/ingested/39CEABE84A1AEE6A_normal_OTH_Normal.n.rtex.dds,,,,assets/ingested/39CEABE84A1AEE6A_height.h.rtex.dds,
3A49FCD010456A4A,assets/ingested/3A49FCD010456A4A_albedo_animation.a.rtex.dds,assets/ingested/3A49FCD010456A4A_normal_animation_OTH_Normal.n.rtex.dds,assets/ingested/3A49FCD010456A4A_roughness_animation.r.rtex.dds,assets/ingested/3A49FCD010456A4A_metallic_animation.m.rtex.dds,assets/ingested/3A49FCD010456A4A_emissive_animation.e.rtex.dds,assets/ingested/3A49FCD010456A4A_height_animation.h.rtex.dds,12.0
3A6BCC3C490FA0A5,assets/ingested/3A6BCC3C490FA0A5_albedo.a.rtex.dds,assets/ingested/3A6BCC3C490FA0A5_normal_OTH_Normal.n.rtex.dds,,,,assets/ingested/3A6BCC3C490FA0A5_height.h.rtex.dds,
3A851B924B4C60E2,assets/ingested/3A851B924B4C60E2_albedo.a.rtex.dds,assets/ingested/3A851B924B4C60E2_normal_OTH_Normal.n.rtex.dds,,,,assets/ingested/3A851B924B4C60E2_height.h.rtex.dds,
3A9BB77F4E453BA3,assets/ingested/3A9BB77F4E453BA3_albedo.a.rtex.dds,assets/ingested/3A9BB77F4E453BA3_normal_OTH_Normal.n.rtex.dds,,,,assets/ingested/3A9BB77F4E453BA3_height.h.rtex.dds,
3B55DA17099A88E5,assets/ingested/3B55DA17099A88E5_albedo.a.rtex.dds,assets/ingested/3B55DA17099A88E5_normal_OTH_Normal.n.rtex.dds,assets/ingested/3B55DA17099A88E5_roughness.r.rtex.dds,,,assets/ingested/3B55DA17099A88E5_height.h.rtex.dds,
3B9E6EE49DF2BA27,assets/ingested/3B9E6EE49DF2BA27_albedo.a.rtex.dds,assets/ingested/3B9E6EE49DF2BA27_normal_OTH_Normal.n.rtex.dds,assets/ingested/3B9E6EE49DF2BA27_roughness.r.rtex.dds,assets/ingested/3B9E6EE49DF2BA27_metallic.m.rtex.dds,assets/ingested/3B9E6EE49DF2BA27_emissive.e.rtex.dds,assets/ingested/3B9E6EE49DF2BA27_height.h.rtex.dds,4.0
3BE377B1161983D0,assets/ingested/3BE377B1161983D0_albedo.a.rtex.dds,assets/ingested/3BE377B1161983D0_normal_OTH_Normal.n.rtex.dds,assets/ingested/3BE377B1161983D0_roughness.r.rtex.dds,assets/ingested/3BE377B1161983D0_metallic.m.rtex.dds,,assets/ingested/3BE377B1161983D0_height.h.rtex.dds,
3BF90CEE3FB3E309,assets/ingested/3BF90CEE3FB3E309_albedo.a.rtex.dds,assets/ingested/3BF90CEE3FB3E309_normal_OTH_Normal.n.rtex.dds,assets/ingested/3BF90CEE3FB3E309_roughness.r.rtex.dds,assets/ingested/3BF90CEE3FB3E309_metallic.m.rtex.dds,,,
3BFDDA96758C62DF,assets/ingested/3BFDDA96758C62DF_albedo.a.rtex.dds,assets/ingested/3BFDDA96758C62DF_normal_OTH_Normal.n.rtex.dds,,,,assets/ingested/3BFDDA96758C62DF_height.h.rtex.dds,
3D3441B4F15652AF,assets/ingested/3D3441B4F15652AF_albedo.a.rtex.dds,,,,,,
3E0BCA648FF2AB09,assets/ingested/3E0BCA648FF2AB09_albedo.a.rtex.dds,assets/ingested/3E0BCA648FF2AB09_normal_OTH_Normal.n.rtex.dds,,,,,
3E185F54EEEA0A6A,assets/ingested/3E185F54EEEA0A6A_albedo.a.rtex.dds,assets/ingested/3E185F54EEEA0A6A_normal_4k_OTH_Normal.n.rtex.dds,,,,assets/ingested/3E185F54EEEA0A6A_height_4k.h.rtex.dds,
3EBE284F779F14D2,assets/ingested/3EBE284F779F14D2_albedo.a.rtex.dds,assets/ingested/3EBE284F779F14D2_normal_OTH_Normal.n.rtex.dds,,,,assets/ingested/3EBE284F779F14D2_height.h.rtex.dds,
3ED2D290C4043631,assets/ingested/3ED2D290C4043631_albedo.a.rtex.dds,assets/ingested/3ED2D290C4043631_normal_OTH_Normal.n.rtex.dds,,,,,
400A109E793EDDD1,assets/ingested/94418B8D66291C77_albedo.a.rtex.dds,assets/ingested/94418B8D66291C77_normal_OTH_Normal.n.rtex.dds,assets/ingested/94418B8D66291C77_roughness.r.rtex.dds,assets/ingested/94418B8D66291C77_metallic.m.rtex.dds,,assets/ingested/94418B8D66291C77_height.h.rtex.dds,
401BB652F3AAC3F7,assets/ingested/401BB652F3AAC3F7_albedo.a.rtex.dds,assets/ingested/401BB652F3AAC3F7_normal_OTH_Normal.n.rtex.dds,,,assets/ingested/401BB652F3AAC3F7_emissive.e.rtex.dds,assets/ingested/401BB652F3AAC3F7_height.h.rtex.dds,4.0
402A1BB1236D0127,assets/ingested/402A1BB1236D0127_albedo.a.rtex.dds,assets/ingested/402A1BB1236D0127_normal_OTH_Normal.n.rtex.dds,,,,assets/ingested/402A1BB1236D0127_height.h.rtex.dds,
4048356EF2B82B7B,assets/ingested/4048356EF2B82B7B_albedo.a.rtex.dds,assets/ingested/4048356EF2B82B7B_normal_OTH_Normal.n.rtex.dds,,assets/ingested/4048356EF2B82B7B_metallic.m.rtex.dds,,assets/ingested/4048356EF2B82B7B_height.h.rtex.dds,
404DE129CD4C1A5E,assets/ingested/404DE129CD4C1A5E_albedo.a.rtex.dds,assets/ingested/404DE129CD4C1A5E_normal_OTH_Normal.n.rtex.dds,,,,assets/ingested/404DE129CD4C1A5E_height.h.rtex.dds,
4069C37E3D7ABEA9,assets/ingested/4069C37E3D7ABEA9_albedo.a.rtex.dds,assets/ingested/4069C37E3D7ABEA9_normal_OTH_Normal.n.rtex.dds,,,,assets/ingested/4069C37E3D7ABEA9_height.h.rtex.dds,
40C24E9160ACC61A,assets/ingested/40C24E9160ACC61A_albedo.a.rtex.dds,assets/ingested/40C24E9160ACC61A_normal_OTH_Normal.n.rtex.dds,assets/ingested/40C24E9160ACC61A_roughness.r.rtex.dds,assets/ingested/40C24E9160ACC61A_metallic.m.rtex.dds,,assets/ingested/40C24E9160ACC61A_height.h.rtex.dds,
4119DDB71D55E865,assets/ingested/4119DDB71D55E865_albedo.a.rtex.dds,assets/ingested/4119DDB71D55E865_normal_OTH_Normal.n.rtex.dds,,,,,
411E32F138C5A2EC,assets/ingested/411E32F138C5A2EC_custom_albedo.a.rtex.dds,assets/ingested/411E32F138C5A2EC_custom_normal_OTH_Normal.n.rtex.dds,assets/ingested/411E32F138C5A2EC_custom_roughness.r.rtex.dds,assets/ingested/411E32F138C5A2EC_custom_metallic.m.rtex.dds,,assets/ingested/411E32F138C5A2EC_custom_height.h.rtex.dds,
4187D8E1481142B5,assets/ingested/4187D8E1481142B5_albedo.a.rtex.dds,,,,assets/ingested/4187D8E1481142B5_emissive.e.rtex.dds,,12.0
418B39BE6895A73F,assets/ingested/418B39BE6895A73F_albedo.a.rtex.dds,assets/ingested/418B39BE6895A73F_normal_OTH_Normal.n.rtex.dds,,,,assets/ingested/418B39BE6895A73F_height.h.rtex.dds,
41B1E9243A049FEC,assets/ingested/41B1E9243A049FEC_albedo.a.rtex.dds,assets/ingested/41B1E9243A049FEC_normal_OTH_Normal.n.rtex.dds,,,assets/ingested/41B1E9243A049FEC_emissive.e.rtex.dds,,2.0
41C19A274DB0937F,assets/ingested/41C19A274DB0937F_albedo.a.rtex.dds,assets/ingested/41C19A274DB0937F_normal_OTH_Normal.n.rtex.dds,,,,assets/ingested/41C19A274DB0937F_height.h.rtex.dds,
41E6E59ACFF037DE,assets/ingested/41E6E59ACFF037DE_albedo.a.rtex.dds,assets/ingested/41E6E59ACFF037DE_normal_OTH_Normal.n.rtex.dds,,,,assets/ingested/41E6E59ACFF037DE_height.h.rtex.dds,
41FD4B669AC91509,assets/ingested/41FD4B669AC91509_albedo.a.rtex.dds,assets/ingested/41FD4B669AC91509_normal_OTH_Normal.n.rtex.dds,,,,assets/ingested/41FD4B669AC91509_height.h.rtex.dds,
426C8DBA4F14F12C,assets/ingested/426C8DBA4F14F12C_albedo.a.rtex.dds,assets/ingested/426C8DBA4F14F12C_normal_OTH_Normal.n.rtex.dds,,,,assets/ingested/426C8DBA4F14F12C_height.h.rtex.dds,
42748D76A1C36A78,assets/ingested/42748D76A1C36A78_albedo.a.rtex.dds,assets/ingested/42748D76A1C36A78_normal_OTH_Normal.n.rtex.dds,,,,assets/ingested/42748D76A1C36A78_height.h.rtex.dds,
430B1AD5C6E2254D,assets/ingested/430B1AD5C6E2254D_albedo.a.rtex.dds,assets/ingested/430B1AD5C6E2254D_normal_OTH_Normal.n.rtex.dds,,,,assets/ingested/430B1AD5C6E2254D_height.h.rtex.dds,
43EEFD8BCD4A536F,assets/ingested/rtx.a.rtex.dds,assets/ingested/rtx_player_normal_OTH_Normal.n.rtex.dds,assets/ingested/rtx_player_roughness.r.rtex.dds,assets/ingested/rtx_player_metallic.m.rtex.dds,assets/ingested/rtx_player_emissive.e.rtex.dds,,100.0
440C3493E04FA4CC,assets/ingested/440C3493E04FA4CC_albedo.a.rtex.dds,assets/ingested/440C3493E04FA4CC_normal_OTH_Normal.n.rtex.dds,assets/ingested/440C3493E04FA4CC_roughness.r.rtex.dds,assets/ingested/440C3493E04FA4CC_metallic.m.rtex.dds,assets/ingested/440C3493E04FA4CC_emissive.e.rtex.dds,,100.0
4415062155FA12C1,assets/ingested/4415062155FA12C1_albedo.a.rtex.dds,assets/ingested/4415062155FA12C1_normal_OTH_Normal.n.rtex.dds,,,,assets/ingested/4415062155FA12C1_height.h.rtex.dds,
44798CB18FB90463,assets/ingested/44798CB18FB90463_albedo.a.rtex.dds,assets/ingested/44798CB18FB90463_normal_OTH_Normal.n.rtex.dds,,,,assets/ingested/44798CB18FB90463_height.h.rtex.dds,
44F416351A5F0CA3,assets/ingested/44F416351A5F0CA3_albedo.a.rtex.dds,assets/ingested/44F416351A5F0CA3_normal_OTH_Normal.n.rtex.dds,,assets/ingested/44F416351A5F0CA3_metallic.m.rtex.dds,,assets/ingested/44F416351A5F0CA3_height.h.rtex.dds,
45435B0C1FEB3E5B,assets/ingested/45435B0C1FEB3E5B_albedo.a.rtex.dds,assets/ingested/45435B0C1FEB3E5B_normal_OTH_Normal.n.rtex.dds,,assets/ingested/45435B0C1FEB3E5B_metallic.m.rtex.dds,,assets/ingested/45435B0C1FEB3E5B_height.h.rtex.dds,
45EC9AECE84F11DA,assets/ingested/45EC9AECE84F11DA_albedo.a.rtex.dds,assets/ingested/45EC9AECE84F11DA_normal_OTH_Normal.n.rtex.dds,assets/ingested/45EC9AECE84F11DA_roughness.r.rtex.dds,,,assets/ingested/45EC9AECE84F11DA_height.h.rtex.dds,
463362F486A211D0,assets/ingested/463362F486A211D0_albedo.a.rtex.dds,,,,,,
4765CF210593D2EE,assets/ingested/4765CF210593D2EE_albedo.a.rtex.dds,,,,,,
47B663A842C88B62,assets/ingested/47B663A842C88B62_albedo.a.rtex.dds,assets/ingested/47B663A842C88B62_normal_OTH_Normal.n.rtex.dds,,,,assets/ingested/47B663A842C88B62_height.h.rtex.dds,
47BF0460FD9E2279,assets/ingested/47BF0460FD9E2279_albedo.a.rtex.dds,assets/ingested/47BF0460FD9E2279_normal_OTH_Normal.n.rtex.dds,,,,assets/ingested/47BF0460FD9E2279_height.h.rtex.dds,
47CCB6F6C54C43FF,assets/ingested/47CCB6F6C54C43FF_albedo.a.rtex.dds,assets/ingested/47CCB6F6C54C43FF_normal_OTH_Normal.n.rtex.dds,,,,assets/ingested/47CCB6F6C54C43FF_height.h.rtex.dds,
47F6D47F57AF5D81,assets/ingested/47F6D47F57AF5D81_albedo.a.rtex.dds,assets/ingested/47F6D47F57AF5D81_normal_OTH_Normal.n.rtex.dds,assets/ingested/47F6D47F57AF5D81_roughness.r.rtex.dds,,,assets/ingested/47F6D47F57AF5D81_height.h.rtex.dds,
48563788B286B901,assets/ingested/48563788B286B901_albedo.a.rtex.dds,assets/ingested/48563788B286B901_normal_OTH_Normal.n.rtex.dds,,,,,
48BECD2E2926E72A,assets/ingested/48BECD2E2926E72A_albedo.a.rtex.dds,,,,,,
4901BB3AEF9F6858,assets/ingested/4901BB3AEF9F6858_albedo.a.rtex.dds,assets/ingested/4901BB3AEF9F6858_normal_OTH_Normal.n.rtex.dds,,assets/ingested/4901BB3AEF9F6858_metallic.m.rtex.dds,assets/ingested/4901BB3AEF9F6858_emissive.e.rtex.dds,assets/ingested/4901BB3AEF9F6858_height.h.rtex.dds,4.0
492D5F00A06F18C4,assets/ingested/492D5F00A06F18C4_albedo.a.rtex.dds,assets/ingested/492D5F00A06F18C4_normal_OTH_Normal.n.rtex.dds,,,,assets/ingested/492D5F00A06F18C4_height.h.rtex.dds,
49BA76C6C7ECFF81,assets/ingested/49BA76C6C7ECFF81_albedo.a.rtex.dds,assets/ingested/49BA76C6C7ECFF81_normal_OTH_Normal.n.rtex.dds,,assets/ingested/49BA76C6C7ECFF81_metallic.m.rtex.dds,,assets/ingested/49BA76C6C7ECFF81_height.h.rtex.dds,
49D5B76427D7A678,assets/ingested/49D5B76427D7A678_albedo.a.rtex.dds,assets/ingested/49D5B76427D7A678_normal_OTH_Normal.n.rtex.dds,,,,assets/ingested/49D5B76427D7A678_height.h.rtex.dds,
4A0F48FA0B9172D0,assets/ingested/4A0F48FA0B9172D0_albedo.a.rtex.dds,assets/ingested/4A0F48FA0B9172D0_normal_OTH_Normal.n.rtex.dds,assets/ingested/4A0F48FA0B9172D0_roughness.r.rtex.dds,,assets/ingested/4A0F48FA0B9172D0_emissive.e.rtex.dds,assets/ingested/4A0F48FA0B9172D0_height.h.rtex.dds,4.0
4A23F1CF23ECCA82,assets/ingested/4A23F1CF23ECCA82_albedo.a.rtex.dds,assets/ingested/4A23F1CF23ECCA82_normal_OTH_Normal.n.rtex.dds,,,,assets/ingested/4A23F1CF23ECCA82_height.h.rtex.dds,
4A67DDF664A7D74F,assets/ingested/ppb.a.rtex.dds,,,,assets/ingested/ppb_e.a.rtex.dds,,1.0
4B06B2CF84C48342,assets/ingested/4B06B2CF84C48342_albedo.a.rtex.dds,assets/ingested/4B06B2CF84C48342_normal_OTH_Normal.n.rtex.dds,assets/ingested/4B06B2CF84C48342_roughness.r.rtex.dds,assets/ingested/4B06B2CF84C48342_metallic.m.rtex.dds,,,
4B06C9A8E489B591,assets/ingested/4B06C9A8E489B591_albedo.a.rtex.dds,assets/ingested/4B06C9A8E489B591_normal_OTH_Normal.n.rtex.dds,,,,,
4B0A028A986C9049,assets/ingested/4B0A028A986C9049_diffuse.a.rtex.dds,assets/ingested/4B0A028A986C9049_normal_OTH_Normal.n.rtex.dds,,,,assets/ingested/4B0A028A986C9049_height.h.rtex.dds,
4B4A5E23BC5A7566,assets/ingested/4B4A5E23BC5A7566_albedo.a.rtex.dds,assets/ingested/4B4A5E23BC5A7566_normal_OTH_Normal.n.rtex.dds,,,,assets/ingested/4B4A5E23BC5A7566_height.h.rtex.dds,
4BABE22240348325,assets/ingested/4BABE22240348325_albedo.a.rtex.dds,assets/ingested/4BABE22240348325_normal_OTH_Normal.n.rtex.dds,assets/ingested/4BABE22240348325_roughness.r.rtex.dds,assets/ingested/4BABE22240348325_metallic.m.rtex.dds,,assets/ingested/4BABE22240348325_height.h.rtex.dds,
4BEBFD7A6DC4A04D,assets/ingested/4BEBFD7A6DC4A04D_albedo.a.rtex.dds,assets/ingested/4BEBFD7A6DC4A04D_normal_OTH_Normal.n.rtex.dds,,,,,
4C24E9ABD09F60C7,assets/ingested/4C24E9ABD09F60C7_albedo.a.rtex.dds,assets/ingested/4C24E9ABD09F60C7_normal_OTH_Normal.n.rtex.dds,,,,assets/ingested/4C24E9ABD09F60C7_height.h.rtex.dds,
4C30EFCE9188F2CC,assets/ingested/4C30EFCE9188F2CC_albedo.a.rtex.dds,assets/ingested/4C30EFCE9188F2CC_normal_OTH_Normal.n.rtex.dds,,assets/ingested/4C30EFCE9188F2CC_metallic.m.rtex.dds,,assets/ingested/4C30EFCE9188F2CC_height.h.rtex.dds,
4C80F2D81CC87209,assets/ingested/4C80F2D81CC87209_albedo.a.rtex.dds,assets/ingested/4C80F2D81CC87209_normal_OTH_Normal.n.rtex.dds,,,,assets/ingested/4C80F2D81CC87209_height.h.rtex.dds,
4CADF71154CD43A7,assets/ingested/4CADF71154CD43A7_albedo.a.rtex.dds,assets/ingested/4CADF71154CD43A7_normal_OTH_Normal.n.rtex.dds,,,,assets/ingested/4CADF71154CD43A7_height.h.rtex.dds,
4CFBAEAF9CB8FD53,assets/ingested/4CFBAEAF9CB8FD53_albedo.a.rtex.dds,assets/ingested/4CFBAEAF9CB8FD53_normal_OTH_Normal.n.rtex.dds,assets/ingested/4CFBAEAF9CB8FD53_roughness.r.rtex.dds,assets/ingested/4CFBAEAF9CB8FD53_metallic.m.rtex.dds,,assets/ingested/4CFBAEAF9CB8FD53_height.h.rtex.dds,
4D50A1AD49126495,assets/ingested/4D50A1AD49126495_albedo.a.rtex.dds,assets/ingested/4D50A1AD49126495_normal_OTH_Normal.n.rtex.dds,,assets/ingested/4D50A1AD49126495_metallic.m.rtex.dds,,assets/ingested/4D50A1AD49126495_height.h.rtex.dds,
4D7E536DB9D2764A,assets/ingested/4D7E536DB9D2764A_albedo.a.rtex.dds,,,,,,
4DF169EDDDFD1DCD,assets/ingested/4DF169EDDDFD1DCD_albedo.a.rtex.dds,assets/ingested/4DF169EDDDFD1DCD_normal_OTH_Normal.n.rtex.dds,,,,assets/ingested/4DF169EDDDFD1DCD_height.h.rtex.dds,
4ED7D6854DDFDC72,assets/ingested/4ED7D6854DDFDC72_albedo.a.rtex.dds,assets/ingested/4ED7D6854DDFDC72_normal_OTH_Normal.n.rtex.dds,,,,assets/ingested/4ED7D6854DDFDC72_height.h.rtex.dds,
4F88E1349DA47DF0,assets/ingested/4F88E1349DA47DF0_albedo.a.rtex.dds,assets/ingested/4F88E1349DA47DF0_normal_OTH_Normal.n.rtex.dds,,,,assets/ingested/4F88E1349DA47DF0_height.h.rtex.dds,
4FD763C91FE5FFB5,assets/ingested/1680CFCB5ED3D6C6_albedo.a.rtex.dds,assets/ingested/1680CFCB5ED3D6C6_normal_OTH_Normal.n.rtex.dds,,,,assets/ingested/1680CFCB5ED3D6C6_height.h.rtex.dds,
4FEF6A9B53D4DA6F,assets/ingested/4FEF6A9B53D4DA6F_albedo.a.rtex.dds,assets/ingested/4FEF6A9B53D4DA6F_normal_OTH_Normal.n.rtex.dds,,,,assets/ingested/4FEF6A9B53D4DA6F_height.h.rtex.dds,
5010B8B5D3FEC886,assets/ingested/5010B8B5D3FEC886_albedo.a.rtex.dds,assets/ingested/5010B8B5D3FEC886_normal_OTH_Normal.n.rtex.dds,,,,assets/ingested/5010B8B5D3FEC886_height.h.rtex.dds,
503070A7CA7D443C,assets/ingested/503070A7CA7D443C_albedo.a.rtex.dds,assets/ingested/503070A7CA7D443C_normal_OTH_Normal.n.rtex.dds,assets/ingested/503070A7CA7D443C_roughness.r.rtex.dds,assets/ingested/503070A7CA7D443C_metallic.m.rtex.dds,,assets/ingested/503070A7CA7D443C_height.h.rtex.dds,
50797B90539D86DF,assets/ingested/50797B90539D86DF_albedo.a.rtex.dds,assets/ingested/50797B90539D86DF_normal_OTH_Normal.n.rtex.dds,,,,assets/ingested/50797B90539D86DF_height.h.rtex.dds,
507C219D40C6848D,assets/ingested/507C219D40C6848D_albedo.a.rtex.dds,assets/ingested/507C219D40C6848D_normal_OTH_Normal.n.rtex.dds,,,,assets/ingested/507C219D40C6848D_height.h.rtex.dds,
513022111011FD58,assets/ingested/513022111011FD58_diffuse.a.rtex.dds,assets/ingested/513022111011FD58_normal_OTH_Normal.n.rtex.dds,,,,assets/ingested/513022111011FD58_height.h.rtex.dds,
51723350FEEA0DFD,assets/ingested/51723350FEEA0DFD_diffuse.a.rtex.dds,assets/ingested/51723350FEEA0DFD_normal_dx_OTH_Normal.n.rtex.dds,,,,,
517EAC0BD2EC529F,assets/ingested/517EAC0BD2EC529F_albedo.a.rtex.dds,assets/ingested/517EAC0BD2EC529F_normal_OTH_Normal.n.rtex.dds,,,,assets/ingested/517EAC0BD2EC529F_height.h.rtex.dds,
51A694C84E7CA28A,assets/ingested/LightingMuzzle_Static.a.rtex.dds,,,,assets/ingested/LightingMuzzle_Static.a.rtex.dds,,15.0
51E3879EAA8C5FEE,assets/ingested/51E3879EAA8C5FEE_albedo.a.rtex.dds,assets/ingested/51E3879EAA8C5FEE_normal_OTH_Normal.n.rtex.dds,,,assets/ingested/51E3879EAA8C5FEE_emissive.e.rtex.dds,assets/ingested/51E3879EAA8C5FEE_height.h.rtex.dds,4.0
51E9556B38A7855B,assets/ingested/51E9556B38A7855B_albedo.a.rtex.dds,assets/ingested/51E9556B38A7855B_normal_OTH_Normal.n.rtex.dds,assets/ingested/51E9556B38A7855B_roughness.r.rtex.dds,assets/ingested/51E9556B38A7855B_metallic.m.rtex.dds,,assets/ingested/51E9556B38A7855B_height.h.rtex.dds,
522CA6E160F8D0E6,assets/ingested/522CA6E160F8D0E6_albedo.a.rtex.dds,assets/ingested/522CA6E160F8D0E6_normal_OTH_Normal.n.rtex.dds,,,,,
526716ACDAADE57C,assets/ingested/526716ACDAADE57C_albedo.a.rtex.dds,assets/ingested/526716ACDAADE57C_normal_OTH_Normal.n.rtex.dds,,,,assets/ingested/526716ACDAADE57C_height.h.rtex.dds,
52F73A3A4149AC87,assets/ingested/52F73A3A4149AC87_albedo.a.rtex.dds,assets/ingested/52F73A3A4149AC87_normal_OTH_Normal.n.rtex.dds,,,,assets/ingested/52F73A3A4149AC87_height.h.rtex.dds,
52FA30DF95405993,assets/ingested/52FA30DF95405993_albedo.a.rtex.dds,assets/ingested/52FA30DF95405993_materialize_normal_OTH_Normal.n.rtex.dds,,assets/ingested/52FA30DF95405993_materialize_metallic.m.rtex.dds,assets/ingested/52FA30DF95405993_materialize_emissive.e.rtex.dds,assets/ingested/52FA30DF95405993_height.h.rtex.dds,48.0
530DEAF379825DE3,assets/ingested/530DEAF379825DE3_albedo.a.rtex.dds,assets/ingested/530DEAF379825DE3_normal_OTH_Normal.n.rtex.dds,,,,assets/ingested/530DEAF379825DE3_height.h.rtex.dds,
5314254D8F3FBB88,assets/ingested/5314254D8F3FBB88_albedo.a.rtex.dds,assets/ingested/5314254D8F3FBB88_normal_OTH_Normal.n.rtex.dds,,,,,
532ABD14C0BA0E9C,assets/ingested/532ABD14C0BA0E9C_albedo.a.rtex.dds,assets/ingested/9D221AF6BD72789F_normal_OTH_Normal.n.rtex.dds,,,,assets/ingested/9D221AF6BD72789F_height.h.rtex.dds,
53303985F62AB6B1,assets/ingested/53303985F62AB6B1_albedo.a.rtex.dds,assets/ingested/53303985F62AB6B1_normal_OTH_Normal.n.rtex.dds,assets/ingested/53303985F62AB6B1_roughness.r.rtex.dds,assets/ingested/53303985F62AB6B1_metallic.m.rtex.dds,,assets/ingested/53303985F62AB6B1_height.h.rtex.dds,
53422CF53C9EBC4E,assets/ingested/53422CF53C9EBC4E_albedo.a.rtex.dds,,,,,,
53FCF4AE8CF3FACC,assets/ingested/53FCF4AE8CF3FACC_albedo.a.rtex.dds,assets/ingested/53FCF4AE8CF3FACC_normal_OTH_Normal.n.rtex.dds,,,assets/ingested/53FCF4AE8CF3FACC_emissive.e.rtex.dds,assets/ingested/53FCF4AE8CF3FACC_height.h.rtex.dds,128.0
541F4E98FEDF71AB,assets/ingested/541F4E98FEDF71AB_albedo.a.rtex.dds,assets/ingested/541F4E98FEDF71AB_normal_OTH_Normal.n.rtex.dds,,,,assets/ingested/541F4E98FEDF71AB_height.h.rtex.dds,
5435A991E71FF915,assets/ingested/C6FBFC017CCD03DD_albedo2.a.rtex.dds,assets/ingested/C6FBFC017CCD03DD_normal_OTH_Normal.n.rtex.dds,,,,assets/ingested/C6FBFC017CCD03DD_height.h.rtex.dds,
5462BFE5AF06FA50,assets/ingested/5462BFE5AF06FA50_albedo.a.rtex.dds,assets/ingested/5462BFE5AF06FA50_normal_OTH_Normal.n.rtex.dds,,,,assets/ingested/5462BFE5AF06FA50_height.h.rtex.dds,
54802F1C58ED73F0,assets/ingested/54802F1C58ED73F0_albedo_animation.a.rtex.dds,assets/ingested/54802F1C58ED73F0__normal_animation_OTH_Normal.n.rtex.dds,,,assets/ingested/54802F1C58ED73F0_emissive_animation.e.rtex.dds,assets/ingested/54802F1C58ED73F0__height_animation.h.rtex.dds,8.0
5492A125B3098A88,assets/ingested/5492A125B3098A88_albedo.a.rtex.dds,assets/ingested/5492A125B3098A88_normal_OTH_Normal.n.rtex.dds,,,,assets/ingested/5492A125B3098A88_height.h.rtex.dds,
54CD536233F3EE91,assets/ingested/54CD536233F3EE91_albedo.a.rtex.dds,assets/ingested/54CD536233F3EE91_normal_OTH_Normal.n.rtex.dds,assets/ingested/54CD536233F3EE91_roughness.r.rtex.dds,assets/ingested/54CD536233F3EE91_metallic.m.rtex.dds,,assets/ingested/54CD536233F3EE91_height.h.rtex.dds,
54F8422051B9C93D,assets/ingested/54F8422051B9C93D_albedo.a.rtex.dds,assets/ingested/54F8422051B9C93D_normal_OTH_Normal.n.rtex.dds,,,assets/ingested/54F8422051B9C93D_albedo.a.rtex.dds,,12.0
55FD8215D6FBC45C,assets/ingested/55FD8215D6FBC45C_albedo_animation.a.rtex.dds,,,,assets/ingested/55FD8215D6FBC45C_albedo_animation.a.rtex.dds,,1.0
5629079681AD16AE,assets/ingested/5629079681AD16AE_albedo.a.rtex.dds,assets/ingested/5629079681AD16AE_normal_OTH_Normal.n.rtex.dds,,,,,
566A84DFC9E8A630,assets/ingested/566A84DFC9E8A630_albedo.a.rtex.dds,assets/ingested/566A84DFC9E8A630_normal_OTH_Normal.n.rtex.dds,,,,assets/ingested/566A84DFC9E8A630_height.h.rtex.dds,
56915E3F182C1B36,assets/ingested/56915E3F182C1B36_albedo.a.rtex.dds,assets/ingested/56915E3F182C1B36_normal_OTH_Normal.n.rtex.dds,,,,assets/ingested/56915E3F182C1B36_height.h.rtex.dds,
56EF9A11840908E4,assets/ingested/56EF9A11840908E4_albedo.a.rtex.dds,assets/ingested/56EF9A11840908E4_normal_OTH_Normal.n.rtex.dds,,,,assets/ingested/56EF9A11840908E4_height.h.rtex.dds,
56F9D434A5042EAD,assets/ingested/56F9D434A5042EAD_albedo.a.rtex.dds,assets/ingested/56F9D434A5042EAD_normal_OTH_Normal.n.rtex.dds,,,,assets/ingested/56F9D434A5042EAD_height.h.rtex.dds,
574A3BE07C7147C4,assets/ingested/574A3BE07C7147C4_albedo.a.rtex.dds,assets/ingested/574A3BE07C7147C4_normal_OTH_Normal.n.rtex.dds,,assets/ingested/574A3BE07C7147C4_metallic.m.rtex.dds,,,
57AF0672D16FA035,,,,,assets/ingested/57AF0672D16FA035.dds,,24.0
5821DF004EC34CF1,assets/ingested/5821DF004EC34CF1_albedo.a.rtex.dds,assets/ingested/5821DF004EC34CF1_normal_OTH_Normal.n.rtex.dds,,,,assets/ingested/5821DF004EC34CF1_height.h.rtex.dds,
5922FE42E52BE770,assets/ingested/9F468B050143D3D4_albedo.a.rtex.dds,,,,,assets/ingested/9F468B050143D3D4_materialize_height.h.rtex.dds,
59BDEC3981805005,assets/ingested/59BDEC3981805005_albedo.a.rtex.dds,assets/ingested/59BDEC3981805005_normal_OTH_Normal.n.rtex.dds,assets/ingested/59BDEC3981805005_roughness.r.rtex.dds,assets/ingested/59BDEC3981805005_metallic.m.rtex.dds,,,
5A3E964FBB7FCE26,assets/ingested/5A3E964FBB7FCE26_albedo.a.rtex.dds,assets/ingested/5A3E964FBB7FCE26_normal_OTH_Normal.n.rtex.dds,,,,,
5A62B112EE22E9E2,assets/ingested/5A62B112EE22E9E2_albedo.a.rtex.dds,assets/ingested/5A62B112EE22E9E2_normal_OTH_Normal.n.rtex.dds,,,,,40.0
5A7A603C7748EF11,assets/ingested/5A7A603C7748EF11_albedo.a.rtex.dds,assets/ingested/5A7A603C7748EF11_normal_OTH_Normal.n.rtex.dds,assets/ingested/5A7A603C7748EF11_roughness.r.rtex.dds,assets/ingested/5A7A603C7748EF11_metallic.m.rtex.dds,assets/ingested/5A7A603C7748EF11_emissive.e.rtex.dds,assets/ingested/5A7A603C7748EF11_height.h.rtex.dds,2.0
5A90770DEB2C0B8E,assets/ingested/5A90770DEB2C0B8E_albedo.a.rtex.dds,assets/ingested/5A90770DEB2C0B8E_normal_OTH_Normal.n.rtex.dds,,,,,
5B36EB76EB232C91,assets/ingested/5B36EB76EB232C91_albedo.a.rtex.dds,assets/ingested/5B36EB76EB232C91_normal_OTH_Normal.n.rtex.dds,,,,assets/ingested/5B36EB76EB232C91_height.h.rtex.dds,
5B46B32F062B52D1,assets/ingested/5B46B32F062B52D1_albedo.a.rtex.dds,assets/ingested/5B46B32F062B52D1_normal_OTH_Normal.n.rtex.dds,,,,,
5BDFA679DA00BE86,assets/ingested/5A3E964FBB7FCE26_albedo.a.rtex.dds,assets/ingested/5A3E964FBB7FCE26_normal_OTH_Normal.n.rtex.dds,,,,assets/ingested/5A3E964FBB7FCE26_height.h.rtex.dds,
5C0B93151891CD1B,assets/ingested/5C0B93151891CD1B_albedo.a.rtex.dds,,,,,,
5C1DB9D950FA846E,assets/ingested/5C1DB9D950FA846E_albedo.a.rtex.dds,assets/ingested/5C1DB9D950FA846E_normal_OTH_Normal.n.rtex.dds,assets/ingested/5C1DB9D950FA846E_roughness.r.rtex.dds,assets/ingested/5C1DB9D950FA846E_metallic.m.rtex.dds,assets/ingested/5C1DB9D950FA846E_emissive.e.rtex.dds,assets/ingested/5C1DB9D950FA846E_height2.h.rtex.dds,64.0
5C289E7709ADC5F8,assets/ingested/08EC146EBE346D90_albedo.a.rtex.dds,,,,assets/ingested/08EC146EBE346D90_emissive.e.rtex.dds,,8.0
5C39F2628ABB550C,assets/ingested/5C39F2628ABB550C_albedo.a.rtex.dds,assets/ingested/5C39F2628ABB550C_normal_OTH_Normal.n.rtex.dds,,,,assets/ingested/5C39F2628ABB550C_height.h.rtex.dds,
5C7CD984F9FC52E1,assets/ingested/5C7CD984F9FC52E1_albedo.a.rtex.dds,assets/ingested/5C7CD984F9FC52E1_normal_OTH_Normal.n.rtex.dds,assets/ingested/5C7CD984F9FC52E1_roughness.r.rtex.dds,assets/ingested/5C7CD984F9FC52E1_metallic.m.rtex.dds,,assets/ingested/5C7CD984F9FC52E1_height.h.rtex.dds,
5C9D69CA6B11129D,assets/ingested/5C9D69CA6B11129D_albedo.a.rtex.dds,assets/ingested/5C9D69CA6B11129D_normal_OTH_Normal.n.rtex.dds,,,,assets/ingested/5C9D69CA6B11129D_height.h.rtex.dds,
5D2128137EA9130A,assets/ingested/5D2128137EA9130A_albedo_animation.a.rtex.dds,assets/ingested/5D2128137EA9130A_normal_animation_OTH_Normal.n.rtex.dds,,,assets/ingested/5D2128137EA9130A_emissive_animation.e.rtex.dds,assets/ingested/5D2128137EA9130A_height_animation.h.rtex.dds,28.0
5D3AEE72AEE02840,assets/ingested/5D3AEE72AEE02840_albedo.a.rtex.dds,,,,,,
5D6E297BAD24455D,assets/ingested/5D6E297BAD24455D_albedo.a.rtex.dds,assets/ingested/5D6E297BAD24455D_normal_OTH_Normal.n.rtex.dds,,,,assets/ingested/5D6E297BAD24455D_height.h.rtex.dds,
5E3631F686600703,assets/ingested/5E3631F686600703_albedo.a.rtex.dds,assets/ingested/5E3631F686600703_normal_OTH_Normal.n.rtex.dds,,,,assets/ingested/5E3631F686600703_height.h.rtex.dds,
60141444908FA5C8,assets/ingested/60141444908FA5C8_albedo.a.rtex.dds,assets/ingested/60141444908FA5C8_normal_OTH_Normal.n.rtex.dds,,,,assets/ingested/60141444908FA5C8_height.h.rtex.dds,
60572858B6013EB1,assets/ingested/60572858B6013EB1_albedo_lights.a.rtex.dds,assets/ingested/60572858B6013EB1_normal_OTH_Normal.n.rtex.dds,,,assets/ingested/60572858B6013EB1_emissive.e.rtex.dds,assets/ingested/60572858B6013EB1_height.h.rtex.dds,8.0
60734A2FA13928D6,assets/ingested/60734A2FA13928D6_albedo.a.rtex.dds,assets/ingested/60734A2FA13928D6_normal_OTH_Normal.n.rtex.dds,,,,assets/ingested/60734A2FA13928D6_height.h.rtex.dds,
60A35012A27D57DB,assets/ingested/60A35012A27D57DB_albedo.a.rtex.dds,assets/ingested/60A35012A27D57DB_normal_OTH_Normal.n.rtex.dds,,,,assets/ingested/60A35012A27D57DB_height.h.rtex.dds,
60F0C05945097BB2,assets/ingested/60F0C05945097BB2_albedo.a.rtex.dds,assets/ingested/60F0C05945097BB2_normal_OTH_Normal.n.rtex.dds,,,assets/ingested/60F0C05945097BB2_albedo.a.rtex.dds,assets/ingested/60F0C05945097BB2_height.h.rtex.dds,12.0
60FE09B395F94AD6,assets/ingested/60FE09B395F94AD6_albedo.a.rtex.dds,assets/ingested/60FE09B395F94AD6_normal_OTH_Normal.n.rtex.dds,,,,assets/ingested/60FE09B395F94AD6_height.h.rtex.dds,
610A1ACD07250EFA,assets/ingested/610A1ACD07250EFA_albedo.a.rtex.dds,assets/ingested/610A1ACD07250EFA_normal_OTH_Normal.n.rtex.dds,,,,assets/ingested/610A1ACD07250EFA_height.h.rtex.dds,
610E297DFBAB80DA,assets/ingested/610E297DFBAB80DA_albedo.a.rtex.dds,assets/ingested/610E297DFBAB80DA_normal_OTH_Normal.n.rtex.dds,,,assets/ingested/610E297DFBAB80DA_emissive.e.rtex.dds,assets/ingested/610E297DFBAB80DA_height.h.rtex.dds,2.0
613C97C48C8E829F,assets/ingested/613C97C48C8E829F_albedo.a.rtex.dds,assets/ingested/613C97C48C8E829F_normal_OTH_Normal.n.rtex.dds,,,,assets/ingested/613C97C48C8E829F_height.h.rtex.dds,
61AA4DD88CDC352D,assets/ingested/61AA4DD88CDC352D_albedo.a.rtex.dds,assets/ingested/61AA4DD88CDC352D_normal_OTH_Normal.n.rtex.dds,,,,assets/ingested/61AA4DD88CDC352D_height.h.rtex.dds,
61C3361089075A5A,assets/ingested/61C3361089075A5A_albedo.a.rtex.dds,assets/ingested/61C3361089075A5A_normal_OTH_Normal.n.rtex.dds,,,,assets/ingested/61C3361089075A5A_height.h.rtex.dds,
61C4F5183FE8942C,assets/ingested/61C4F5183FE8942C_albedo.a.rtex.dds,assets/ingested/61C4F5183FE8942C_normal_OTH_Normal.n.rtex.dds,,,,assets/ingested/61C4F5183FE8942C_height.h.rtex.dds,
61C5085BEC34F11C,assets/ingested/shotgun.n.rtex.dds,,,,assets/ingested/shotgun.n.rtex.dds,,24.0
61D8C9F62E37135E,assets/ingested/61D8C9F62E37135E_albedo.a.rtex.dds,assets/ingested/61D8C9F62E37135E_normal_OTH_Normal.n.rtex.dds,assets/ingested/61D8C9F62E37135E_roughness.r.rtex.dds,assets/ingested/61D8C9F62E37135E_metallic.m.rtex.dds,assets/ingested/61D8C9F62E37135E_emissive.e.rtex.dds,assets/ingested/61D8C9F62E37135E_height.h.rtex.dds,48.0
61D9B2DE164749B2,assets/ingested/B9CEA39E3F92DE1F_albedo.a.rtex.dds,assets/ingested/B9CEA39E3F92DE1F_normal_OTH_Normal.n.rtex.dds,assets/ingested/B9CEA39E3F92DE1F_roughness.r.rtex.dds,assets/ingested/B9CEA39E3F92DE1F_metallic.m.rtex.dds,,assets/ingested/B9CEA39E3F92DE1F_height.h.rtex.dds,
63A62AB641BC5B86,assets/ingested/63A62AB641BC5B86_albedo.a.rtex.dds,assets/ingested/63A62AB641BC5B86_normal_OTH_Normal.n.rtex.dds,,,,assets/ingested/63A62AB641BC5B86_height.h.rtex.dds,
63BD096A7423A7EC,assets/ingested/63BD096A7423A7EC_albedo.a.rtex.dds,assets/ingested/63BD096A7423A7EC_normal_OTH_Normal.n.rtex.dds,assets/ingested/63BD096A7423A7EC_roughness.r.rtex.dds,assets/ingested/63BD096A7423A7EC_metallic.m.rtex.dds,,assets/ingested/63BD096A7423A7EC_height.h.rtex.dds,
64196753490B4771,assets/ingested/64196753490B4771_albedo.a.rtex.dds,assets/ingested/64196753490B4771_normal_OTH_Normal.n.rtex.dds,,,,assets/ingested/64196753490B4771_height.h.rtex.dds,
64BFCDC5A028791B,assets/ingested/64BFCDC5A028791B_albedo.a.rtex.dds,assets/ingested/64BFCDC5A028791B_normal_OTH_Normal.n.rtex.dds,,,,assets/ingested/64BFCDC5A028791B_height.h.rtex.dds,
64D8D636B3AC51D4,assets/ingested/64D8D636B3AC51D4_albedo.a.rtex.dds,assets/ingested/64D8D636B3AC51D4_normal_OTH_Normal.n.rtex.dds,,assets/ingested/64D8D636B3AC51D4_metallic.m.rtex.dds,,assets/ingested/64D8D636B3AC51D4_height.h.rtex.dds,
6578FD7F8D95DE07,assets/ingested/6578FD7F8D95DE07_albedo.a.rtex.dds,assets/ingested/6578FD7F8D95DE07_normal_OTH_Normal.n.rtex.dds,assets/ingested/6578FD7F8D95DE07_roughness.r.rtex.dds,assets/ingested/6578FD7F8D95DE07_metallic.m.rtex.dds,,assets/ingested/6578FD7F8D95DE07_height.h.rtex.dds,
65D0DFB85725FB56,assets/ingested/65D0DFB85725FB56_albedo.a.rtex.dds,assets/ingested/65D0DFB85725FB56_normal_OTH_Normal.n.rtex.dds,assets/ingested/65D0DFB85725FB56_roughness.r.rtex.dds,,,assets/ingested/65D0DFB85725FB56_height.h.rtex.dds,
669AC151A87558A4,assets/ingested/669AC151A87558A4_animation_albedo.a.rtex.dds,assets/ingested/669AC151A87558A4_animation_normal_OTH_Normal.n.rtex.dds,assets/ingested/669AC151A87558A4_animation_roughness.r.rtex.dds,assets/ingested/669AC151A87558A4_animation_metallic.m.rtex.dds,assets/ingested/669AC151A87558A4_animation_emissive.e.rtex.dds,assets/ingested/669AC151A87558A4_animation_height.h.rtex.dds,2.0
66E9B966FAB6960F,assets/ingested/66E9B966FAB6960F_albedo.a.rtex.dds,assets/ingested/66E9B966FAB6960F_normal_OTH_Normal.n.rtex.dds,,,,,
66F4B2CB199A2604,assets/ingested/66F4B2CB199A2604_albedo.a.rtex.dds,assets/ingested/66F4B2CB199A2604_normal_OTH_Normal.n.rtex.dds,,,,assets/ingested/66F4B2CB199A2604_height.h.rtex.dds,
68397D3D24355D2B,assets/ingested/68397D3D24355D2B_albedo.a.rtex.dds,assets/ingested/68397D3D24355D2B_normal_OTH_Normal.n.rtex.dds,assets/ingested/68397D3D24355D2B_roughness.r.rtex.dds,assets/ingested/68397D3D24355D2B_metallic.m.rtex.dds,,assets/ingested/68397D3D24355D2B_height.h.rtex.dds,
685A4BB377A2CCDE,assets/ingested/685A4BB377A2CCDE_animation.a.rtex.dds,,,,assets/ingested/685A4BB377A2CCDE_animation.a.rtex.dds,,1.0
68DA9410C1202545,assets/ingested/68DA9410C1202545_albedo.a.rtex.dds,assets/ingested/68DA9410C1202545_normal_OTH_Normal.n.rtex.dds,,,assets/ingested/68DA9410C1202545_emissive.e.rtex.dds,assets/ingested/68DA9410C1202545_height.h.rtex.dds,8.0
69062B8316DEBCB2,assets/ingested/69062B8316DEBCB2_albedo.a.rtex.dds,assets/ingested/69062B8316DEBCB2_normal_OTH_Normal.n.rtex.dds,,,,,
69A3D051864CA460,assets/ingested/69A3D051864CA460_albedo.a.rtex.dds,,,,assets/ingested/69A3D051864CA460_emissive.e.rtex.dds,,16.0
69E1E37BFEEF1BB6,assets/ingested/69E1E37BFEEF1BB6_albedo.a.rtex.dds,assets/ingested/69E1E37BFEEF1BB6_normal_OTH_Normal.n.rtex.dds,,,assets/ingested/69E1E37BFEEF1BB6_emissive.e.rtex.dds,assets/ingested/69E1E37BFEEF1BB6_height.h.rtex.dds,1.0
6A58EE56351B247F,assets/ingested/6A58EE56351B247F_albedo.a.rtex.dds,assets/ingested/6A58EE56351B247F_normal_OTH_Normal.n.rtex.dds,,,,assets/ingested/6A58EE56351B247F_height.h.rtex.dds,
6B6A1F47BFB2CCE8,assets/ingested/6B6A1F47BFB2CCE8_albedo.a.rtex.dds,assets/ingested/6B6A1F47BFB2CCE8_normal_OTH_Normal.n.rtex.dds,,,assets/ingested/6B6A1F47BFB2CCE8_emissive.e.rtex.dds,assets/ingested/6B6A1F47BFB2CCE8_height.h.rtex.dds,8.0
6C1C04A664D61186,assets/ingested/6C1C04A664D61186_albedo_animation.a.rtex.dds,assets/ingested/6C1C04A664D61186_normal_animation_OTH_Normal.n.rtex.dds,,,assets/ingested/6C1C04A664D61186_albedo_animation.a.rtex.dds,,2.0
6C22DB319F4A6755,assets/ingested/6C22DB319F4A6755_albedo.a.rtex.dds,assets/ingested/6C22DB319F4A6755_normal_OTH_Normal.n.rtex.dds,assets/ingested/6C22DB319F4A6755_height.h.rtex.dds,,assets/ingested/6C22DB319F4A6755_emissive.e.rtex.dds,assets/ingested/6C22DB319F4A6755_height.h.rtex.dds,128.0
6C46016F7CC93824,assets/ingested/6C46016F7CC93824_albedo.a.rtex.dds,assets/ingested/6C46016F7CC93824_normal_OTH_Normal.n.rtex.dds,,,,assets/ingested/6C46016F7CC93824_height.h.rtex.dds,
6D73F217984A31B8,assets/ingested/6D73F217984A31B8_albedo.a.rtex.dds,assets/ingested/6D73F217984A31B8_normal_OTH_Normal.n.rtex.dds,,,,assets/ingested/6D73F217984A31B8_height.h.rtex.dds,40.0
6DDF5791EABF308A,assets/ingested/6DDF5791EABF308A_albedo.a.rtex.dds,assets/ingested/6DDF5791EABF308A_normal_OTH_Normal.n.rtex.dds,,,,assets/ingested/6DDF5791EABF308A_height.h.rtex.dds,
6E6E916ED243EA8D,assets/ingested/6E6E916ED243EA8D_albedo.a.rtex.dds,assets/ingested/6E6E916ED243EA8D_normal_OTH_Normal.n.rtex.dds,assets/ingested/6E6E916ED243EA8D_roughness.r.rtex.dds,assets/ingested/6E6E916ED243EA8D_metallic.m.rtex.dds,assets/ingested/6E6E916ED243EA8D_emissive.e.rtex.dds,assets/ingested/6E6E916ED243EA8D_height.h.rtex.dds,4.0
6EA65512FEDE488A,assets/ingested/6EA65512FEDE488A_albedo.a.rtex.dds,assets/ingested/6EA65512FEDE488A_normal_OTH_Normal.n.rtex.dds,assets/ingested/6EA65512FEDE488A_roughness.r.rtex.dds,assets/ingested/6EA65512FEDE488A_metallic.m.rtex.dds,,assets/ingested/6EA65512FEDE488A_height.h.rtex.dds,
6EBCC51BE170034F,assets/ingested/6EBCC51BE170034F_albedo.a.rtex.dds,assets/ingested/6EBCC51BE170034F_normal_OTH_Normal.n.rtex.dds,,,assets/ingested/6EBCC51BE170034F_emissive.e.rtex.dds,assets/ingested/6EBCC51BE170034F_height.h.rtex.dds,4.0
6F6F60F6ACE32704,assets/ingested/6F6F60F6ACE32704_albedo.a.rtex.dds,assets/ingested/6F6F60F6ACE32704_normal_OTH_Normal.n.rtex.dds,,,,,
6FA7CA08732F5D6C,assets/ingested/6FA7CA08732F5D6C_albedo.a.rtex.dds,assets/ingested/6FA7CA08732F5D6C_normal_OTH_Normal.n.rtex.dds,,,,assets/ingested/6FA7CA08732F5D6C_height.h.rtex.dds,
707E4FC626FEBB4E,assets/ingested/707E4FC626FEBB4E_albedo.a.rtex.dds,assets/ingested/707E4FC626FEBB4E_normal_OTH_Normal.n.rtex.dds,assets/ingested/707E4FC626FEBB4E_roughness.r.rtex.dds,assets/ingested/707E4FC626FEBB4E_metallic.m.rtex.dds,,assets/ingested/707E4FC626FEBB4E_height.h.rtex.dds,
70D0BCC0C4E0F2DB,assets/ingested/70D0BCC0C4E0F2DB_albedo.a.rtex.dds,assets/ingested/70D0BCC0C4E0F2DB_normal_OTH_Normal.n.rtex.dds,,,,assets/ingested/70D0BCC0C4E0F2DB_height.h.rtex.dds,
70D43A2B9D17437B,assets/ingested/70D43A2B9D17437B_albedo.a.rtex.dds,assets/ingested/70D43A2B9D17437B_normal_OTH_Normal.n.rtex.dds,,,,assets/ingested/70D43A2B9D17437B_height.h.rtex.dds,
70E7613E70565AE4,assets/ingested/70E7613E70565AE4_albedo.a.rtex.dds,assets/ingested/70E7613E70565AE4_normal_OTH_Normal.n.rtex.dds,,,,assets/ingested/70E7613E70565AE4_height.h.rtex.dds,
71D0D03DF65AEF02,assets/ingested/71D0D03DF65AEF02_custom_albedo2.a.rtex.dds,assets/ingested/71D0D03DF65AEF02_custom_normal2_OTH_Normal.n.rtex.dds,assets/ingested/71D0D03DF65AEF02_custom_roughness.r.rtex.dds,assets/ingested/71D0D03DF65AEF02_custom_metallic.m.rtex.dds,,assets/ingested/71D0D03DF65AEF02_custom_height2.h.rtex.dds,
72EE942D472F4961,assets/ingested/72EE942D472F4961_albedo.a.rtex.dds,assets/ingested/72EE942D472F4961_normal_OTH_Normal.n.rtex.dds,assets/ingested/72EE942D472F4961_roughness.r.rtex.dds,assets/ingested/72EE942D472F4961_metallic.m.rtex.dds,,assets/ingested/72EE942D472F4961_height.h.rtex.dds,
73216F6BBF261786,assets/ingested/73216F6BBF261786_albedo.a.rtex.dds,assets/ingested/73216F6BBF261786_normal_OTH_Normal.n.rtex.dds,assets/ingested/73216F6BBF261786_roughness.r.rtex.dds,assets/ingested/73216F6BBF261786_metallic.m.rtex.dds,,assets/ingested/73216F6BBF261786_height.h.rtex.dds,
736023DAB58AF208,assets/ingested/736023DAB58AF208_albedo.a.rtex.dds,,,,,,
738AE593AAAA6439,assets/ingested/738AE593AAAA6439_albedo.a.rtex.dds,assets/ingested/738AE593AAAA6439_normal_OTH_Normal.n.rtex.dds,,,,assets/ingested/738AE593AAAA6439_height.h.rtex.dds,
73D2440CD46DD9A3,assets/ingested/73D2440CD46DD9A3_albedo.a.rtex.dds,assets/ingested/73D2440CD46DD9A3_normal_OTH_Normal.n.rtex.dds,,,,assets/ingested/73D2440CD46DD9A3_height.h.rtex.dds,
74013209A9A70CC6,assets/ingested/74013209A9A70CC6_albedo.a.rtex.dds,assets/ingested/74013209A9A70CC6_normal_OTH_Normal.n.rtex.dds,,,,assets/ingested/74013209A9A70CC6_height.h.rtex.dds,
74774F67057A87CF,assets/ingested/74774F67057A87CF_albedo2.a.rtex.dds,assets/ingested/74774F67057A87CF_normal_OTH_Normal.n.rtex.dds,assets/ingested/74774F67057A87CF_roughness.r.rtex.dds,,,,
747A2D593E19173E,assets/ingested/747A2D593E19173E_albedo.a.rtex.dds,,,,assets/ingested/747A2D593E19173E_albedo.a.rtex.dds,,3.0
748D19321BBD95F1,assets/ingested/748D19321BBD95F1_albedo.a.rtex.dds,assets/ingested/748D19321BBD95F1_normal_OTH_Normal.n.rtex.dds,assets/ingested/748D19321BBD95F1_roughness.r.rtex.dds,assets/ingested/748D19321BBD95F1_metallic.m.rtex.dds,,assets/ingested/748D19321BBD95F1_height.h.rtex.dds,
7539EB4A83F607ED,assets/ingested/7539EB4A83F607ED_albedo.a.rtex.dds,assets/ingested/7539EB4A83F607ED_normal_OTH_Normal.n.rtex.dds,,,,assets/ingested/7539EB4A83F607ED_height.h.rtex.dds,
7556744D74A6BE8B,assets/ingested/7556744D74A6BE8B_albedo.a.rtex.dds,assets/ingested/7556744D74A6BE8B_normal_OTH_Normal.n.rtex.dds,assets/ingested/7556744D74A6BE8B_roughness.r.rtex.dds,assets/ingested/7556744D74A6BE8B_metallic.m.rtex.dds,,assets/ingested/7556744D74A6BE8B_height.h.rtex.dds,
757894DE607BA300,assets/ingested/757894DE607BA300_albedo.a.rtex.dds,assets/ingested/757894DE607BA300_normal_OTH_Normal.n.rtex.dds,,,assets/ingested/757894DE607BA300_emissive.e.rtex.dds,assets/ingested/757894DE607BA300_height.h.rtex.dds,20.0
75C06540158102AB,assets/ingested/75C06540158102AB_albedo_animation.a.rtex.dds,assets/ingested/75C06540158102AB_normal_animation_OTH_Normal.n.rtex.dds,,,assets/ingested/75C06540158102AB_albedo_animation.a.rtex.dds,,32.0
761FAEC536E34536,assets/ingested/761FAEC536E34536_albedo.a.rtex.dds,assets/ingested/761FAEC536E34536_normal_OTH_Normal.n.rtex.dds,,,,assets/ingested/761FAEC536E34536_height.h.rtex.dds,
76F80ADBEFE30D8C,assets/ingested/76F80ADBEFE30D8C_albedo.a.rtex.dds,assets/ingested/76F80ADBEFE30D8C_normal_OTH_Normal.n.rtex.dds,,,,,
772665D6EBC33F83,assets/ingested/772665D6EBC33F83_albedo.a.rtex.dds,assets/ingested/772665D6EBC33F83_normal_OTH_Normal.n.rtex.dds,,,,assets/ingested/772665D6EBC33F83_height.h.rtex.dds,
7737CF9A047411B2,assets/ingested/7737CF9A047411B2_albedo.a.rtex.dds,assets/ingested/7737CF9A047411B2_normal_OTH_Normal.n.rtex.dds,assets/ingested/7737CF9A047411B2_roughness.r.rtex.dds,assets/ingested/7737CF9A047411B2_metallic.m.rtex.dds,,assets/ingested/7737CF9A047411B2_height.h.rtex.dds,
779D77A1CCF47143,assets/ingested/F934944DFF894F94_albedo.a.rtex.dds,,,,,,
77D4C9DA2232E566,assets/ingested/77D4C9DA2232E566_albedo.a.rtex.dds,assets/ingested/77D4C9DA2232E566_normal_OTH_Normal.n.rtex.dds,,,,assets/ingested/77D4C9DA2232E566_height.h.rtex.dds,
77DD565CB2320BBD,assets/ingested/77DD565CB2320BBD_albedo.a.rtex.dds,assets/ingested/77DD565CB2320BBD_normal_OTH_Normal.n.rtex.dds,,,,assets/ingested/77DD565CB2320BBD_height.h.rtex.dds,
77DEB49106CCC47E,assets/ingested/LIghtningGunBeamarcs.a.rtex.dds,,,,assets/ingested/LIghtningGunBeamarcs.a.rtex.dds,,1.5
78052C32D3217624,assets/ingested/78052C32D3217624_albedo.a.rtex.dds,assets/ingested/78052C32D3217624_normal_OTH_Normal.n.rtex.dds,,,,assets/ingested/78052C32D3217624_height.h.rtex.dds,
781002083A060EC7,assets/ingested/781002083A060EC7_albedo.a.rtex.dds,assets/ingested/781002083A060EC7_normal_OTH_Normal.n.rtex.dds,assets/ingested/781002083A060EC7_roughness.r.rtex.dds,assets/ingested/781002083A060EC7_metallic.m.rtex.dds,assets/ingested/781002083A060EC7_emissive.e.rtex.dds,assets/ingested/781002083A060EC7_height.h.rtex.dds,24.0
78FD6D4617D66E82,assets/ingested/78FD6D4617D66E82_albedo.a.rtex.dds,assets/ingested/78FD6D4617D66E82_normal_OTH_Normal.n.rtex.dds,assets/ingested/78FD6D4617D66E82_roughness.r.rtex.dds,assets/ingested/78FD6D4617D66E82_metallic.m.rtex.dds,,assets/ingested/78FD6D4617D66E82_height.h.rtex.dds,
79065DA85A11A6E1,assets/ingested/79065DA85A11A6E1_albedo.a.rtex.dds,assets/ingested/79065DA85A11A6E1_normal_OTH_Normal.n.rtex.dds,,,,assets/ingested/79065DA85A11A6E1_height.h.rtex.dds,
7977EA3AE7BF5850,assets/ingested/7977EA3AE7BF5850_albedo.a.rtex.dds,assets/ingested/7977EA3AE7BF5850_normal_OTH_Normal.n.rtex.dds,,,,assets/ingested/7977EA3AE7BF5850_height.h.rtex.dds,
7992B4839C86D87E,assets/ingested/7992B4839C86D87E_albedo.a.rtex.dds,assets/ingested/7992B4839C86D87E_normal_OTH_Normal.n.rtex.dds,assets/ingested/7992B4839C86D87E_roughness.r.rtex.dds,assets/ingested/7992B4839C86D87E_metallic.m.rtex.dds,,assets/ingested/7992B4839C86D87E_height.h.rtex.dds,
7A08AAC7DA0C201E,assets/ingested/7A08AAC7DA0C201E_albedo.a.rtex.dds,assets/ingested/7A08AAC7DA0C201E_normal_OTH_Normal.n.rtex.dds,,,,assets/ingested/7A08AAC7DA0C201E_height.h.rtex.dds,
7A0F25834252A4F8,assets/ingested/7A0F25834252A4F8_albedo.a.rtex.dds,,,,assets/ingested/7A0F25834252A4F8_albedo.a.rtex.dds,,4.0
7AB5DA247F746319,assets/ingested/7AB5DA247F746319_albedo.a.rtex.dds,assets/ingested/7AB5DA247F746319_normal_OTH_Normal.n.rtex.dds,,,,assets/ingested/7AB5DA247F746319_height.h.rtex.dds,
7B734F3363D50696,assets/ingested/7B734F3363D50696_albedo.a.rtex.dds,,,,assets/ingested/7B734F3363D50696_emissive.e.rtex.dds,,32.0
7B7730F19D9D4054,assets/ingested/7B7730F19D9D405_albedo.a.rtex.dds,assets/ingested/7B7730F19D9D405_normal_OTH_Normal.n.rtex.dds,,,,assets/ingested/7B7730F19D9D405_height.h.rtex.dds,
7B780E3CF8EFFAA2,assets/ingested/7B780E3CF8EFFAA2_albedo_custom.a.rtex.dds,assets/ingested/7B780E3CF8EFFAA2_normal_custom_OTH_Normal.n.rtex.dds,,,,assets/ingested/7B780E3CF8EFFAA2_height_custom.h.rtex.dds,
7C57E2111CFF8D46,assets/ingested/7C57E2111CFF8D46_albedo.a.rtex.dds,,,,assets/ingested/7C57E2111CFF8D46_albedo.a.rtex.dds,,5.0
7DA8DF1005287234,assets/ingested/7DA8DF1005287234_albedo.a.rtex.dds,assets/ingested/7DA8DF1005287234_normal_OTH_Normal.n.rtex.dds,,,,assets/ingested/7DA8DF1005287234_height.h.rtex.dds,
7E668F62C64A13DF,assets/ingested/rail.a.rtex.dds,,,,assets/ingested/rail.a.rtex.dds,,24.0
7EDDC316A73030A5,assets/ingested/7EDDC316A73030A5_albedo.a.rtex.dds,assets/ingested/7EDDC316A73030A5_normal_OTH_Normal.n.rtex.dds,assets/ingested/7EDDC316A73030A5_roughness.r.rtex.dds,assets/ingested/7EDDC316A73030A5_metallic.m.rtex.dds,,assets/ingested/7EDDC316A73030A5_height.h.rtex.dds,
7EE8790775A16532,assets/ingested/7EE8790775A16532_albedo.a.rtex.dds,assets/ingested/7EE8790775A16532_normal_OTH_Normal.n.rtex.dds,,,,,
7F3C032C2438BE06,assets/ingested/7F3C032C2438BE06_albedo.a.rtex.dds,assets/ingested/7F3C032C2438BE06_normal_OTH_Normal.n.rtex.dds,,,,assets/ingested/7F3C032C2438BE06_height.h.rtex.dds,
7F4623E6BC1A998D,assets/ingested/7F4623E6BC1A998D_albedo.a.rtex.dds,assets/ingested/7F4623E6BC1A998D_normal_OTH_Normal.n.rtex.dds,,,,assets/ingested/7F4623E6BC1A998D_height.h.rtex.dds,
7FAEB44A7670B7CD,assets/ingested/7FAEB44A7670B7CD_albedo.a.rtex.dds,assets/ingested/7FAEB44A7670B7CD_normal_OTH_Normal.n.rtex.dds,,,,,
7FE498AC3377CA8E,assets/ingested/7FE498AC3377CA8E_albedo.a.rtex.dds,assets/ingested/7FE498AC3377CA8E_normal_OTH_Normal.n.rtex.dds,,,assets/ingested/7FE498AC3377CA8E_emissive.e.rtex.dds,assets/ingested/7FE498AC3377CA8E_height.h.rtex.dds,1.0
806132538FCEC0F4,assets/ingested/806132538FCEC0F4_albedo.a.rtex.dds,,,,assets/ingested/806132538FCEC0F4_emissive.e.rtex.dds,,8.0
809E3D4A980F8B7E,assets/ingested/809E3D4A980F8B7E_albedo.a.rtex.dds,assets/ingested/809E3D4A980F8B7E_normal_OTH_Normal.n.rtex.dds,assets/ingested/809E3D4A980F8B7E_roughness.r.rtex.dds,assets/ingested/809E3D4A980F8B7E_metallic.m.rtex.dds,assets/ingested/809E3D4A980F8B7E_emissive.e.rtex.dds,assets/ingested/809E3D4A980F8B7E_height.h.rtex.dds,48.0
80D684FEAC6596BC,assets/ingested/80D684FEAC6596BC_albedo.a.rtex.dds,assets/ingested/80D684FEAC6596BC_normal_OTH_Normal.n.rtex.dds,assets/ingested/80D684FEAC6596BC_roughness.r.rtex.dds,assets/ingested/80D684FEAC6596BC_metallic.m.rtex.dds,,assets/ingested/80D684FEAC6596BC_height.h.rtex.dds,
80FE300FCD7C59A1,assets/ingested/Blank.a.rtex.dds,,,,assets/ingested/Blank.a.rtex.dds,,982.55994
811F15C99D663298,assets/ingested/811F15C99D663298_albedo.a.rtex.dds,assets/ingested/811F15C99D663298_normal_OTH_Normal.n.rtex.dds,,,,assets/ingested/811F15C99D663298_height.h.rtex.dds,
8159EAC973E95577,assets/ingested/8159EAC973E95577_albedo.a.rtex.dds,assets/ingested/8159EAC973E95577_normal_OTH_Normal.n.rtex.dds,,,,assets/ingested/8159EAC973E95577_height.h.rtex.dds,
817A47688F18E309,assets/ingested/817A47688F18E309_albedo.a.rtex.dds,assets/ingested/817A47688F18E309_normal_OTH_Normal.n.rtex.dds,,assets/ingested/817A47688F18E309_metallic.m.rtex.dds,,assets/ingested/817A47688F18E309_height.h.rtex.dds,
819A148C15EF33FF,assets/ingested/819A148C15EF33FF_albedo.a.rtex.dds,assets/ingested/819A148C15EF33FF_normal_OTH_Normal.n.rtex.dds,,,,assets/ingested/819A148C15EF33FF_height.h.rtex.dds,
81AC0A33A2DF688A,assets/ingested/81AC0A33A2DF688A_albedo.a.rtex.dds,assets/ingested/81AC0A33A2DF688A_normal_OTH_Normal.n.rtex.dds,,,,assets/ingested/81AC0A33A2DF688A_height.h.rtex.dds,
822FFEAD047344A4,assets/ingested/822FFEAD047344A4_albedo.a.rtex.dds,assets/ingested/822FFEAD047344A4_normal_OTH_Normal.n.rtex.dds,,,,,
83687F6410CA9D71,assets/ingested/83687F6410CA9D71_albedo.a.rtex.dds,assets/ingested/83687F6410CA9D71_normal_OTH_Normal.n.rtex.dds,,,,assets/ingested/83687F6410CA9D71_height.h.rtex.dds,
8368B04F8D573041,,,,,assets/ingested/ED66D2C66D34F09D_emissive.e.rtex.dds,,
838696C190340B8B,assets/ingested/838696C190340B8B_albedo.a.rtex.dds,assets/ingested/838696C190340B8B_normal_OTH_Normal.n.rtex.dds,,,,assets/ingested/838696C190340B8B_height.h.rtex.dds,
83D34BE2FEE534BA,assets/ingested/83D34BE2FEE534BA_albedo.a.rtex.dds,assets/ingested/83D34BE2FEE534BA_normal_OTH_Normal.n.rtex.dds,,,assets/ingested/83D34BE2FEE534BA_emissive.e.rtex.dds,assets/ingested/83D34BE2FEE534BA_height2.h.rtex.dds,4.0
8517A7FF0C9116E4,assets/ingested/8517A7FF0C9116E4_albedo.a.rtex.dds,assets/ingested/8517A7FF0C9116E4_normal_OTH_Normal.n.rtex.dds,,,,assets/ingested/8517A7FF0C9116E4_height.h.rtex.dds,
851DBEF171BA70F2,assets/ingested/851DBEF171BA70F2_albedo.a.rtex.dds,assets/ingested/851DBEF171BA70F2_normal_OTH_Normal.n.rtex.dds,,,,assets/ingested/851DBEF171BA70F2_height.h.rtex.dds,
8527FA2F1DFEF011,assets/ingested/8527FA2F1DFEF011_albedo.a.rtex.dds,assets/ingested/8527FA2F1DFEF011_normal_OTH_Normal.n.rtex.dds,,,assets/ingested/8527FA2F1DFEF011_emissive.e.rtex.dds,,4.0
85310B8AF3E929BC,assets/ingested/85310B8AF3E929BC_albedo.a.rtex.dds,,,,,assets/ingested/85310B8AF3E929BC_height.h.rtex.dds,
859CF4AC0C076B58,assets/ingested/859CF4AC0C076B58_albedo_animation.a.rtex.dds,assets/ingested/859CF4AC0C076B58_normal_animation_OTH_Normal.n.rtex.dds,,,assets/ingested/859CF4AC0C076B58_emissive_animation.e.rtex.dds,assets/ingested/859CF4AC0C076B58_height_animation.h.rtex.dds,4.0
85A05168A0800E03,assets/ingested/85A05168A0800E03_albedo.a.rtex.dds,assets/ingested/85A05168A0800E03_normal_OTH_Normal.n.rtex.dds,assets/ingested/85A05168A0800E03_roughness.r.rtex.dds,assets/ingested/85A05168A0800E03_metallic.m.rtex.dds,,assets/ingested/85A05168A0800E03_height.h.rtex.dds,
85B3B059E7EC928A,assets/ingested/85B3B059E7EC928A_albedo.a.rtex.dds,assets/ingested/85B3B059E7EC928A_normal_OTH_Normal.n.rtex.dds,assets/ingested/85B3B059E7EC928A_roughness.r.rtex.dds,assets/ingested/85B3B059E7EC928A_metallic.m.rtex.dds,,assets/ingested/85B3B059E7EC928A_height2.h.rtex.dds,
85F8AAC3F49FD29D,assets/ingested/85F8AAC3F49FD29D_albedo.a.rtex.dds,assets/ingested/85F8AAC3F49FD29D_normal_OTH_Normal.n.rtex.dds,,,,assets/ingested/85F8AAC3F49FD29D_height.h.rtex.dds,
86221D5C8A86CCA6,assets/ingested/86221D5C8A86CCA6_albedo.a.rtex.dds,assets/ingested/86221D5C8A86CCA6_normal_OTH_Normal.n.rtex.dds,,,,,
86777DD78C4C08D5,assets/ingested/86777DD78C4C08D5_albedo.a.rtex.dds,assets/ingested/86777DD78C4C08D5_normal_n_OTH_Normal.n.rtex.dds,,,,assets/ingested/86777DD78C4C08D5_height_n.h.rtex.dds,
86A4FF628C150920,assets/ingested/86A4FF628C150920_albedo_animation.a.rtex.dds,assets/ingested/86A4FF628C150920_normal_animation_OTH_Normal.n.rtex.dds,assets/ingested/86A4FF628C150920_roughness_animation.r.rtex.dds,assets/ingested/86A4FF628C150920_metallic_animation.m.rtex.dds,assets/ingested/86A4FF628C150920_emissive_animation.e.rtex.dds,assets/ingested/86A4FF628C150920_height_animation.h.rtex.dds,24.0
86E51CDEF3C77CF6,assets/ingested/86E51CDEF3C77CF6_albedo.a.rtex.dds,assets/ingested/86E51CDEF3C77CF6_normal_OTH_Normal.n.rtex.dds,,,,assets/ingested/86E51CDEF3C77CF6_height.h.rtex.dds,
87D673DB161DFCB7,assets/ingested/87D673DB161DFCB7_albedo.a.rtex.dds,assets/ingested/87D673DB161DFCB7_normal_OTH_Normal.n.rtex.dds,,,,assets/ingested/87D673DB161DFCB7_height.h.rtex.dds,
87F625025C106441,assets/ingested/87F625025C106441_albedo.a.rtex.dds,,,,,,
8837100C6E428DDF,assets/ingested/8837100C6E428DDF_albedo.a.rtex.dds,assets/ingested/8837100C6E428DDF_normal_OTH_Normal.n.rtex.dds,,,assets/ingested/8837100C6E428DDF_emissive.e.rtex.dds,assets/ingested/8837100C6E428DDF_height.h.rtex.dds,8.0
889562689269D34B,assets/ingested/889562689269D34B_albedo.a.rtex.dds,assets/ingested/889562689269D34B_normal_OTH_Normal.n.rtex.dds,,,,assets/ingested/889562689269D34B_height.h.rtex.dds,
88AAF4C779D975DF,assets/ingested/88AAF4C779D975DF_albedo.a.rtex.dds,assets/ingested/88AAF4C779D975DF_normal_OTH_Normal.n.rtex.dds,assets/ingested/88AAF4C779D975DF_roughness.r.rtex.dds,,,assets/ingested/88AAF4C779D975DF_height.h.rtex.dds,
88B333F8026170B1,assets/ingested/88B333F8026170B1_albedo.a.rtex.dds,,,,assets/ingested/88B333F8026170B1_albedo.a.rtex.dds,,2.0
890D5D2ABAC2B01B,assets/ingested/890D5D2ABAC2B01B_albedo.a.rtex.dds,assets/ingested/890D5D2ABAC2B01B_normal_OTH_Normal.n.rtex.dds,,,,assets/ingested/890D5D2ABAC2B01B_height.h.rtex.dds,
89623B19A9BE42C1,assets/ingested/89623B19A9BE42C1_albedo.a.rtex.dds,assets/ingested/89623B19A9BE42C1_normal_OTH_Normal.n.rtex.dds,,,assets/ingested/89623B19A9BE42C1_albedo.a.rtex.dds,,48.0
899A56DCF73F26A0,assets/ingested/899A56DCF73F26A0_albedo.a.rtex.dds,assets/ingested/899A56DCF73F26A0_normal_OTH_Normal.n.rtex.dds,,,,assets/ingested/899A56DCF73F26A0_height.h.rtex.dds,
8A55E4D1B69C5DC2,assets/ingested/8A55E4D1B69C5DC2_albedo.a.rtex.dds,assets/ingested/8A55E4D1B69C5DC2_normal_OTH_Normal.n.rtex.dds,,,,,
8B081DDB96FE6D05,assets/ingested/8B081DDB96FE6D05_albedo.a.rtex.dds,assets/ingested/8B081DDB96FE6D05_materialize_normal_OTH_Normal.n.rtex.dds,assets/ingested/8B081DDB96FE6D05_materialize_smoothness.r.rtex.dds,assets/ingested/8B081DDB96FE6D05_materialize_metallic.m.rtex.dds,,assets/ingested/8B081DDB96FE6D05_materialize_height.h.rtex.dds,
8B174FCD70250766,,,assets/ingested/68397D3D24355D2B_roughness.r.rtex.dds,,,,
8B5387F4D68D61E6,assets/ingested/8B5387F4D68D61E6_albedo.a.rtex.dds,assets/ingested/8B5387F4D68D61E6_normal_OTH_Normal.n.rtex.dds,assets/ingested/8B5387F4D68D61E6_roughness.r.rtex.dds,assets/ingested/8B5387F4D68D61E6_metallic.m.rtex.dds,,,
8B83D2F89B57C958,assets/ingested/8B83D2F89B57C958_albedo.a.rtex.dds,assets/ingested/8B83D2F89B57C958_normal_OTH_Normal.n.rtex.dds,,,,assets/ingested/8B83D2F89B57C958_height.h.rtex.dds,
8C200E52F0677BDD,assets/ingested/8C200E52F0677BDD_animation_albedo_complete.a.rtex.dds,assets/ingested/8C200E52F0677BDD_animation_normal_complete_OTH_Normal.n.rtex.dds,assets/ingested/8C200E52F0677BDD_animation_roughness_complete.r.rtex.dds,assets/ingested/8C200E52F0677BDD_animation_metallic_complete.m.rtex.dds,assets/ingested/8C200E52F0677BDD_animation_emissive_complete.e.rtex.dds,assets/ingested/8C200E52F0677BDD_animation_height_complete.h.rtex.dds,5.0
8CE7BAC360BA3D28,assets/ingested/8CE7BAC360BA3D28_albedo.a.rtex.dds,assets/ingested/8CE7BAC360BA3D28_normal_OTH_Normal.n.rtex.dds,,,,assets/ingested/8CE7BAC360BA3D28_height.h.rtex.dds,
8D014BAF871B016B,assets/ingested/8D014BAF871B016B_albedo.a.rtex.dds,assets/ingested/8D014BAF871B016B_normal_OTH_Normal.n.rtex.dds,,,assets/ingested/8D014BAF871B016B_albedo.a.rtex.dds,,24.0
8D435027D6985FB2,assets/ingested/8D435027D6985FB2_albedo_ani.a.rtex.dds,assets/ingested/8D435027D6985FB2_normal_ani_OTH_Normal.n.rtex.dds,,,assets/ingested/8D435027D6985FB2_emissive_ani.e.rtex.dds,assets/ingested/8D435027D6985FB2_height_ani.h.rtex.dds,2.0
8D607CA053D11D4F,assets/ingested/8D607CA053D11D4F_albedo.a.rtex.dds,assets/ingested/8D607CA053D11D4F_normal_OTH_Normal.n.rtex.dds,,,,assets/ingested/8D607CA053D11D4F_height.h.rtex.dds,
8E66FF7201B7303C,assets/ingested/8E66FF7201B7303C_albedo.a.rtex.dds,assets/ingested/8E66FF7201B7303C_normal_OTH_Normal.n.rtex.dds,,,,assets/ingested/8E66FF7201B7303C_height.h.rtex.dds,
8E700F850883064B,assets/ingested/8E700F850883064B_albedo.a.rtex.dds,assets/ingested/8E700F850883064B_normal_OTH_Normal.n.rtex.dds,assets/ingested/8E700F850883064B_roughness.r.rtex.dds,assets/ingested/8E700F850883064B_metallic.m.rtex.dds,,assets/ingested/8E700F850883064B_height.h.rtex.dds,
8EC02B765E8B9DD6,assets/ingested/8EC02B765E8B9DD6_albedo.a.rtex.dds,assets/ingested/8EC02B765E8B9DD6_normal_OTH_Normal.n.rtex.dds,assets/ingested/809E3D4A980F8B7E_roughness.r.rtex.dds,assets/ingested/809E3D4A980F8B7E_metallic.m.rtex.dds,assets/ingested/809E3D4A980F8B7E_emissive.e.rtex.dds,assets/ingested/8EC02B765E8B9DD6_height.h.rtex.dds,48.0
8EEDD52067C168A6,assets/ingested/8EEDD52067C168A6_albedo.a.rtex.dds,assets/ingested/8EEDD52067C168A6_normal_OTH_Normal.n.rtex.dds,,,,assets/ingested/8EEDD52067C168A6_height.h.rtex.dds,
8F0C1E15730D82C4,assets/ingested/8F0C1E15730D82C4_albedo.a.rtex.dds,assets/ingested/8F0C1E15730D82C4_normal_OTH_Normal.n.rtex.dds,,,,assets/ingested/8F0C1E15730D82C4_height.h.rtex.dds,
8F20B39D2DAA8603,assets/ingested/NicePng_smoke-texture-png_4373200.a.rtex.dds,,,,,,40.0
8F269E81E9E5B22B,assets/ingested/8F269E81E9E5B22B_albedo.a.rtex.dds,,,,assets/ingested/8F269E81E9E5B22B_albedo.a.rtex.dds,,64.0
8F85ACDFF16475F8,assets/ingested/8F85ACDFF16475F8_albedo.a.rtex.dds,assets/ingested/8F85ACDFF16475F8_normal_OTH_Normal.n.rtex.dds,,,,assets/ingested/8F85ACDFF16475F8_height.h.rtex.dds,
8FCF703F0099866C,assets/ingested/8FCF703F0099866C_albedo.a.rtex.dds,,,,,,
9023C25526909EA5,assets/ingested/9023C25526909EA5_albedo.a.rtex.dds,assets/ingested/9023C25526909EA5_normal_OTH_Normal.n.rtex.dds,,,,assets/ingested/9023C25526909EA5_height.h.rtex.dds,
903F500FE420BDB9,assets/ingested/903F500FE420BDB9_albedo.a.rtex.dds,assets/ingested/903F500FE420BDB9_normal_OTH_Normal.n.rtex.dds,,,assets/ingested/903F500FE420BDB9_emissive.e.rtex.dds,assets/ingested/903F500FE420BDB9_height.h.rtex.dds,1.0
905A6E7B7431CF20,assets/ingested/905A6E7B7431CF20_albedo.a.rtex.dds,assets/ingested/905A6E7B7431CF20_normal_OTH_Normal.n.rtex.dds,,,,assets/ingested/905A6E7B7431CF20_height.h.rtex.dds,
90632069D51CC347,assets/ingested/90632069D51CC347_albedo.a.rtex.dds,assets/ingested/90632069D51CC347_normal_OTH_Normal.n.rtex.dds,,,assets/ingested/90632069D51CC347_emissive.e.rtex.dds,assets/ingested/90632069D51CC347_height.h.rtex.dds,1.0
9097FA51093058BC,assets/ingested/9097FA51093058BC_albedo.a.rtex.dds,assets/ingested/9097FA51093058BC_normal_OTH_Normal.n.rtex.dds,,,,assets/ingested/9097FA51093058BC_height.h.rtex.dds,
910950D417ED83AA,assets/ingested/910950D417ED83AA_albedo.a.rtex.dds,assets/ingested/910950D417ED83AA_normal_OTH_Normal.n.rtex.dds,,,,assets/ingested/910950D417ED83AA_height.h.rtex.dds,
913F8CF4A3E0C724,assets/ingested/913F8CF4A3E0C724_albedo.a.rtex.dds,assets/ingested/913F8CF4A3E0C724_normal_OTH_Normal.n.rtex.dds,,,,assets/ingested/913F8CF4A3E0C724_height.h.rtex.dds,
9173BDB61C5C9BC8,assets/ingested/9173BDB61C5C9BC8_albedo.a.rtex.dds,assets/ingested/9173BDB61C5C9BC8_normal_OTH_Normal.n.rtex.dds,assets/ingested/9173BDB61C5C9BC8_roughness.r.rtex.dds,assets/ingested/9173BDB61C5C9BC8_metallic.m.rtex.dds,,assets/ingested/9173BDB61C5C9BC8_height.h.rtex.dds,
9183F27D2576B151,assets/ingested/1A339730D378C467_albedo.a.rtex.dds,assets/ingested/1A339730D378C467_normal_OTH_Normal.n.rtex.dds,,,,,
91AFE573F7814FC6,assets/ingested/91AFE573F7814FC6_albedo.a.rtex.dds,assets/ingested/91AFE573F7814FC6_normal_OTH_Normal.n.rtex.dds,,,,assets/ingested/91AFE573F7814FC6_height.h.rtex.dds,
9284BCD233583CA1,assets/ingested/9284BCD233583CA1_albedo.a.rtex.dds,assets/ingested/9284BCD233583CA1_normal_OTH_Normal.n.rtex.dds,,,,,
92C62250334EA46A,assets/ingested/92C62250334EA46A_albedo.a.rtex.dds,assets/ingested/92C62250334EA46A_normal_OTH_Normal.n.rtex.dds,assets/ingested/92C62250334EA46A_smoothness.n.rtex.dds,assets/ingested/92C62250334EA46A_metallic.m.rtex.dds,assets/ingested/92C62250334EA46A_emissive.e.rtex.dds,assets/ingested/92C62250334EA46A_height.h.rtex.dds,24.0
930F8A4EAB276BE8,assets/ingested/930F8A4EAB276BE8_albedo.a.rtex.dds,assets/ingested/930F8A4EAB276BE8_normal_OTH_Normal.n.rtex.dds,,,,assets/ingested/930F8A4EAB276BE8_height.h.rtex.dds,
937CEDA6AEE7631E,assets/ingested/937CEDA6AEE7631E_albedo.a.rtex.dds,assets/ingested/937CEDA6AEE7631E_normal_OTH_Normal.n.rtex.dds,assets/ingested/937CEDA6AEE7631E_roughness.r.rtex.dds,assets/ingested/937CEDA6AEE7631E_metallic.m.rtex.dds,assets/ingested/937CEDA6AEE7631E_emissive.e.rtex.dds,assets/ingested/937CEDA6AEE7631E_height.h.rtex.dds,2.0
93D52CA449CEE1FD,assets/ingested/93D52CA449CEE1FD_albedo.a.rtex.dds,assets/ingested/93D52CA449CEE1FD_normal_OTH_Normal.n.rtex.dds,assets/ingested/93D52CA449CEE1FD_roughness.r.rtex.dds,,,,
93EF4A808DD4C683,assets/ingested/93EF4A808DD4C683_albedo_animation.a.rtex.dds,assets/ingested/93EF4A808DD4C683_normal_animation_OTH_Normal.n.rtex.dds,assets/ingested/93EF4A808DD4C683_roughness_animation.r.rtex.dds,assets/ingested/93EF4A808DD4C683_metallic_animation.m.rtex.dds,assets/ingested/93EF4A808DD4C683_emissive_animation.e.rtex.dds,assets/ingested/93EF4A808DD4C683_height_animation.h.rtex.dds,16.0
94418B8D66291C77,assets/ingested/94418B8D66291C77_albedo.a.rtex.dds,assets/ingested/94418B8D66291C77_normal_OTH_Normal.n.rtex.dds,,,,assets/ingested/94418B8D66291C77_height.h.rtex.dds,
94B4EACC74E71005,assets/ingested/94B4EACC74E71005_albedo.a.rtex.dds,assets/ingested/94B4EACC74E71005_normal_OTH_Normal.n.rtex.dds,,,,assets/ingested/94B4EACC74E71005_height.h.rtex.dds,
952B51F2F770FA9B,assets/ingested/952B51F2F770FA9B_albedo.a.rtex.dds,assets/ingested/952B51F2F770FA9B_normal_OTH_Normal.n.rtex.dds,,,,assets/ingested/952B51F2F770FA9B_height.h.rtex.dds,
95C137D899FBCFA5,assets/ingested/95C137D899FBCFA5_albedo.a.rtex.dds,assets/ingested/95C137D899FBCFA5_normal_OTH_Normal.n.rtex.dds,,,,assets/ingested/95C137D899FBCFA5_height.h.rtex.dds,
96088A8AB09311B4,assets/ingested/96088A8AB09311B4_albedo.a.rtex.dds,assets/ingested/96088A8AB09311B4_normal_OTH_Normal.n.rtex.dds,,,,assets/ingested/96088A8AB09311B4_height.h.rtex.dds,
96B1BA16FC0B59E7,assets/ingested/96B1BA16FC0B59E7_albedo.a.rtex.dds,assets/ingested/96B1BA16FC0B59E7_normal_OTH_Normal.n.rtex.dds,,,,,
96DD73FF173AFF7E,assets/ingested/96DD73FF173AFF7E_animation_albedo.a.rtex.dds,assets/ingested/96DD73FF173AFF7E_animation_normal_OTH_Normal.n.rtex.dds,,,assets/ingested/96DD73FF173AFF7E_animation_emissive.e.rtex.dds,,2.0
9732C43B659506EE,assets/ingested/9732C43B659506EE_albedo_animation.a.rtex.dds,assets/ingested/9732C43B659506EE_normal_animation_OTH_Normal.n.rtex.dds,,assets/ingested/9732C43B659506EE_metallic_animation.m.rtex.dds,assets/ingested/9732C43B659506EE_emissive_animation.e.rtex.dds,assets/ingested/9732C43B659506EE_height_animation.h.rtex.dds,2.0
9776BE6C206762CC,assets/ingested/9776BE6C206762CC_albedo.a.rtex.dds,assets/ingested/9776BE6C206762CC_normal_OTH_Normal.n.rtex.dds,assets/ingested/9776BE6C206762CC_roughness.r.rtex.dds,,,,
9835DC67B3A6A028,assets/ingested/9835DC67B3A6A028_albedo.a.rtex.dds,assets/ingested/9835DC67B3A6A028_normal_OTH_Normal.n.rtex.dds,,,,assets/ingested/9835DC67B3A6A028_height.h.rtex.dds,
984BB00AE7B47849,assets/ingested/984BB00AE7B47849_albedo.a.rtex.dds,assets/ingested/984BB00AE7B47849_normal_OTH_Normal.n.rtex.dds,assets/ingested/984BB00AE7B47849_roughness.r.rtex.dds,,,assets/ingested/984BB00AE7B47849_height.h.rtex.dds,
9884A51643940DFF,assets/ingested/9884A51643940DFF_albedo.a.rtex.dds,assets/ingested/9884A51643940DFF_normal_OTH_Normal.n.rtex.dds,assets/ingested/9884A51643940DFF_roughness.r.rtex.dds,,,assets/ingested/9884A51643940DFF_height.h.rtex.dds,
990FAF7103C4798E,assets/ingested/990FAF7103C4798E_albedo.a.rtex.dds,,,,,,
99FDC259B8F73F39,assets/ingested/99FDC259B8F73F39_albedo_ani.a.rtex.dds,assets/ingested/99FDC259B8F73F39_normal_ani_OTH_Normal.n.rtex.dds,assets/ingested/99FDC259B8F73F39_roughness_ani.r.rtex.dds,assets/ingested/99FDC259B8F73F39_metallic_ani.m.rtex.dds,assets/ingested/99FDC259B8F73F39_emissive_ani.e.rtex.dds,assets/ingested/99FDC259B8F73F39_height_ani.h.rtex.dds,4.0
9A272A53B1F673CA,assets/ingested/9A272A53B1F673CA_albedo.a.rtex.dds,assets/ingested/9A272A53B1F673CA_normal_OTH_Normal.n.rtex.dds,,,,assets/ingested/9A272A53B1F673CA_height.h.rtex.dds,
9A347E9370BEE919,assets/ingested/9A347E9370BEE919_albedo.a.rtex.dds,assets/ingested/9A347E9370BEE919_normal_OTH_Normal.n.rtex.dds,,assets/ingested/9A347E9370BEE919_metallic.m.rtex.dds,,,
9A34B636D5C2DBAB,assets/ingested/0B9B36A039BBFCA4_albedo_animation.a.rtex.dds,assets/ingested/0B9B36A039BBFCA4_normal_animation_OTH_Normal.n.rtex.dds,assets/ingested/0B9B36A039BBFCA4_roughness_animation.r.rtex.dds,assets/ingested/0B9B36A039BBFCA4_metallic_animation.m.rtex.dds,assets/ingested/0B9B36A039BBFCA4_emissive_animation.e.rtex.dds,assets/ingested/0B9B36A039BBFCA4_height_animation.h.rtex.dds,4.0
9B2A3C24145AD213,assets/ingested/9B2A3C24145AD213_albedo.a.rtex.dds,assets/ingested/9B2A3C24145AD213_normal_OTH_Normal.n.rtex.dds,,,,,
9B54A28648B8205C,assets/ingested/9B54A28648B8205C_albedo.a.rtex.dds,assets/ingested/9B54A28648B8205C_normal_OTH_Normal.n.rtex.dds,,,assets/ingested/9B54A28648B8205C_emissive.e.rtex.dds,,4.0
9B715BB8C77A446B,assets/ingested/9B715BB8C77A446B_albedo_animation.a.rtex.dds,assets/ingested/9B715BB8C77A446B_normal_animation_OTH_Normal.n.rtex.dds,assets/ingested/9B715BB8C77A446B_roughness_animation.r.rtex.dds,assets/ingested/9B715BB8C77A446B_metallic_animation.m.rtex.dds,assets/ingested/9B715BB8C77A446B_emissive_animation.e.rtex.dds,assets/ingested/9B715BB8C77A446B_height_animation.h.rtex.dds,64.0
9B7875757B4AD734,assets/ingested/9B7875757B4AD734_albedo.a.rtex.dds,,,,assets/ingested/9B7875757B4AD734_emissive.e.rtex.dds,assets/ingested/9B7875757B4AD734_height.h.rtex.dds,2.0
9BFCF1C1C45653A1,assets/ingested/9BFCF1C1C45653A1_albedo.a.rtex.dds,assets/ingested/9BFCF1C1C45653A1_normal_OTH_Normal.n.rtex.dds,,,,assets/ingested/9BFCF1C1C45653A1_height.h.rtex.dds,
9C3D31F6FBBB0B1F,assets/ingested/9C3D31F6FBBB0B1F_albedo.a.rtex.dds,assets/ingested/426C8DBA4F14F12C_normal_OTH_Normal.n.rtex.dds,,,,assets/ingested/426C8DBA4F14F12C_height.h.rtex.dds,
9C44A778E72B33DA,assets/ingested/9C44A778E72B33DA_albedo.a.rtex.dds,assets/ingested/9C44A778E72B33DA_normal_OTH_Normal.n.rtex.dds,assets/ingested/9C44A778E72B33DA_roughness.r.rtex.dds,,,assets/ingested/9C44A778E72B33DA_height.h.rtex.dds,
9C65D652CE6A7BDB,assets/ingested/9C65D652CE6A7BDB_albedo.a.rtex.dds,assets/ingested/9C65D652CE6A7BDB_normal_OTH_Normal.n.rtex.dds,,,,assets/ingested/9C65D652CE6A7BDB_height.h.rtex.dds,
9D15AD88F6C4A6D2,assets/ingested/9D15AD88F6C4A6D2_animation_albedo.a.rtex.dds,assets/ingested/9D15AD88F6C4A6D2_animation_normal_OTH_Normal.n.rtex.dds,assets/ingested/9D15AD88F6C4A6D2_animation_roughness.r.rtex.dds,assets/ingested/9D15AD88F6C4A6D2_animation_metallic.m.rtex.dds,assets/ingested/9D15AD88F6C4A6D2_animation_emissive.e.rtex.dds,assets/ingested/9D15AD88F6C4A6D2_animation_height.h.rtex.dds,2.0
9D221AF6BD72789F,assets/ingested/9D221AF6BD72789F_albedo.a.rtex.dds,assets/ingested/9D221AF6BD72789F_normal_OTH_Normal.n.rtex.dds,,,,assets/ingested/9D221AF6BD72789F_height.h.rtex.dds,
9D506F9698AF7D39,assets/ingested/9D506F9698AF7D39_albedo.a.rtex.dds,assets/ingested/9D506F9698AF7D39_normal_OTH_Normal.n.rtex.dds,,,,assets/ingested/9D506F9698AF7D39_height.h.rtex.dds,
9DE2930C5D6ADE65,assets/ingested/9DE2930C5D6ADE65_albedo.a.rtex.dds,assets/ingested/9DE2930C5D6ADE65_normal_OTH_Normal.n.rtex.dds,,,,assets/ingested/9DE2930C5D6ADE65_height.h.rtex.dds,
9E0FF278C3D077CB,assets/ingested/9E0FF278C3D077CB_albedo.a.rtex.dds,assets/ingested/9E0FF278C3D077CB_normal_OTH_Normal.n.rtex.dds,,,,assets/ingested/9E0FF278C3D077CB_height.h.rtex.dds,
9E78873E4BF211D1,assets/ingested/9E78873E4BF211D1_albedo.a.rtex.dds,,,,,,
9E7B3CBC044C3088,assets/ingested/9E7B3CBC044C3088_albedo.a.rtex.dds,assets/ingested/9E7B3CBC044C3088_normal_OTH_Normal.n.rtex.dds,,,,,
9EA121AB4929323C,assets/ingested/9EA121AB4929323C_albedo.a.rtex.dds,assets/ingested/9EA121AB4929323C_normal_OTH_Normal.n.rtex.dds,,assets/ingested/9EA121AB4929323C_metallic.m.rtex.dds,,assets/ingested/9EA121AB4929323C_height.h.rtex.dds,
9F1A4465314224B4,assets/ingested/9F1A4465314224B4_albedo.a.rtex.dds,assets/ingested/9F1A4465314224B4_normal_OTH_Normal.n.rtex.dds,assets/ingested/9F1A4465314224B4_roughness.r.rtex.dds,assets/ingested/9F1A4465314224B4_metallic.m.rtex.dds,,assets/ingested/9F1A4465314224B4_height.h.rtex.dds,
9F468B050143D3D4,assets/ingested/9F468B050143D3D4_albedo.a.rtex.dds,assets/ingested/9F468B050143D3D4_materialize_normal_OTH_Normal.n.rtex.dds,,,,assets/ingested/9F468B050143D3D4_materialize_height.h.rtex.dds,
9F88A1AE2FEC71B4,assets/ingested/machinegun.a.rtex.dds,,,,assets/ingested/machinegun.a.rtex.dds,,24.0
A00AE248875817A8,assets/ingested/A00AE248875817A8_albedo.a.rtex.dds,assets/ingested/A00AE248875817A8_normal_OTH_Normal.n.rtex.dds,,,,assets/ingested/A00AE248875817A8_height.h.rtex.dds,
A02627AE92B80D4C,,,,,assets/ingested/A02627AE92B80D4C_emissive.e.rtex.dds,,128.0
A0293715FC1A5BE2,assets/ingested/A0293715FC1A5BE2_albedo.a.rtex.dds,assets/ingested/A0293715FC1A5BE2_normal_OTH_Normal.n.rtex.dds,assets/ingested/A0293715FC1A5BE2_roughness.r.rtex.dds,assets/ingested/A0293715FC1A5BE2_metallic.m.rtex.dds,,assets/ingested/A0293715FC1A5BE2_height.h.rtex.dds,
A0BF5845165C1047,assets/ingested/A0BF5845165C1047_albedo.a.rtex.dds,assets/ingested/A0BF5845165C1047_normal_OTH_Normal.n.rtex.dds,,,,assets/ingested/A0BF5845165C1047_height.h.rtex.dds,
A1744D6027BD17D6,assets/ingested/A1744D6027BD17D6_albedo.a.rtex.dds,assets/ingested/A1744D6027BD17D6_normal_OTH_Normal.n.rtex.dds,,,assets/ingested/A1744D6027BD17D6_emissive.e.rtex.dds,assets/ingested/A1744D6027BD17D6_height.h.rtex.dds,2.0
A1778189F9E2B81B,assets/ingested/A1778189F9E2B81B_albedo_animation.a.rtex.dds,,,,assets/ingested/A1778189F9E2B81B_emissive_animation.e.rtex.dds,,4.0
A33B763BE6EBF50A,assets/ingested/A33B763BE6EBF50A_albedo.a.rtex.dds,assets/ingested/A33B763BE6EBF50A_normal_OTH_Normal.n.rtex.dds,,,,,
A3BC44C016277FA9,assets/ingested/A3BC44C016277FA9_albedo.a.rtex.dds,assets/ingested/A3BC44C016277FA9_normal_OTH_Normal.n.rtex.dds,,,,assets/ingested/A3BC44C016277FA9_height.h.rtex.dds,
A450E74D5352CF2D,assets/ingested/A450E74D5352CF2D_albedo.a.rtex.dds,assets/ingested/A450E74D5352CF2D_normal_OTH_Normal.n.rtex.dds,assets/ingested/A450E74D5352CF2D_roughness.r.rtex.dds,assets/ingested/A450E74D5352CF2D_metallic.m.rtex.dds,assets/ingested/A450E74D5352CF2D_emissive.e.rtex.dds,assets/ingested/A450E74D5352CF2D_height.h.rtex.dds,2.0
A4B8808F61A68B31,assets/ingested/A4B8808F61A68B31_albedo.a.rtex.dds,assets/ingested/A4B8808F61A68B31_normal_OTH_Normal.n.rtex.dds,assets/ingested/A4B8808F61A68B31_roughness.r.rtex.dds,assets/ingested/A4B8808F61A68B31_metallic.m.rtex.dds,,assets/ingested/A4B8808F61A68B31_height.h.rtex.dds,
A4F7918E9DF47CD3,assets/ingested/A4F7918E9DF47CD3_albedo_animation.a.rtex.dds,assets/ingested/A4F7918E9DF47CD3_normal_animation_OTH_Normal.n.rtex.dds,,,assets/ingested/A4F7918E9DF47CD3_emissive_animation.e.rtex.dds,,8.0
A523180223B2F69B,assets/ingested/A523180223B2F69B_albedo.a.rtex.dds,assets/ingested/A523180223B2F69B_normal_OTH_Normal.n.rtex.dds,,,assets/ingested/A523180223B2F69B_emissive.e.rtex.dds,assets/ingested/A523180223B2F69B_height.h.rtex.dds,4.0
A5EC569CE992550B,assets/ingested/A5EC569CE992550B_albedo_animation.a.rtex.dds,assets/ingested/A5EC569CE992550B_normal_animation_OTH_Normal.n.rtex.dds,assets/ingested/A5EC569CE992550B_roughness_animation.r.rtex.dds,assets/ingested/A5EC569CE992550B_metallic_animation.m.rtex.dds,assets/ingested/A5EC569CE992550B_emissive_animation.e.rtex.dds,assets/ingested/A5EC569CE992550B_height_animation.h.rtex.dds,8.0
A61736F1451B545C,assets/ingested/A61736F1451B545C_albedo.a.rtex.dds,assets/ingested/A61736F1451B545C_normal_OTH_Normal.n.rtex.dds,,,,,
A619EB52924B4185,assets/ingested/A619EB52924B4185_albedo2.a.rtex.dds,assets/ingested/A619EB52924B4185_normal2_OTH_Normal.n.rtex.dds,assets/ingested/A619EB52924B4185_roughness.r.rtex.dds,assets/ingested/A619EB52924B4185_metallic.m.rtex.dds,,assets/ingested/A619EB52924B4185_height2.h.rtex.dds,
A632EC6BD10A1609,assets/ingested/A632EC6BD10A1609_albedo.a.rtex.dds,,,,,,
A66893182AF4F618,assets/ingested/A66893182AF4F618_albedo.a.rtex.dds,assets/ingested/A66893182AF4F618_normal_OTH_Normal.n.rtex.dds,,,assets/ingested/A66893182AF4F618_emissive.e.rtex.dds,,64.0
A67491C6851DFF1A,assets/ingested/A67491C6851DFF1A_albedo.a.rtex.dds,assets/ingested/A67491C6851DFF1A_normal_OTH_Normal.n.rtex.dds,,,,assets/ingested/A67491C6851DFF1A_height.h.rtex.dds,
A69164C487814F40,assets/ingested/A69164C487814F40_albedo.a.rtex.dds,assets/ingested/A69164C487814F40_normal_OTH_Normal.n.rtex.dds,,,,,
A6E6B633541D9728,assets/ingested/A6E6B633541D9728_albedo.a.rtex.dds,assets/ingested/A6E6B633541D9728_normal_OTH_Normal.n.rtex.dds,,,,assets/ingested/A6E6B633541D9728_height.h.rtex.dds,
A7102C8BA5E9A5A7,assets/ingested/A7102C8BA5E9A5A7_albedo.a.rtex.dds,,,,assets/ingested/A7102C8BA5E9A5A7_albedo.a.rtex.dds,,64.0
A724BC27548C7D2E,assets/ingested/A724BC27548C7D2E_albedo.a.rtex.dds,assets/ingested/A724BC27548C7D2E_normal_OTH_Normal.n.rtex.dds,,,,assets/ingested/A724BC27548C7D2E_height.h.rtex.dds,
A74E86FF1F57DE05,assets/ingested/A74E86FF1F57DE05_albedo.a.rtex.dds,assets/ingested/A74E86FF1F57DE05_normal_OTH_Normal.n.rtex.dds,assets/ingested/A74E86FF1F57DE05_roughness.r.rtex.dds,assets/ingested/A74E86FF1F57DE05_metallic.m.rtex.dds,,assets/ingested/A74E86FF1F57DE05_height.h.rtex.dds,
A788D66A2B83BA3F,assets/ingested/A788D66A2B83BA3F_albedo_animation.a.rtex.dds,assets/ingested/A788D66A2B83BA3F_normal_animation_OTH_Normal.n.rtex.dds,,,assets/ingested/A788D66A2B83BA3F_emissive_animation.e.rtex.dds,,16.0
A7CC0F5436D90292,assets/ingested/A7CC0F5436D90292_albedo.a.rtex.dds,assets/ingested/A7CC0F5436D90292_normal_OTH_Normal.n.rtex.dds,,,,assets/ingested/A7CC0F5436D90292_height.h.rtex.dds,
A8E6562805F83713,assets/ingested/A8E6562805F83713_albedo.a.rtex.dds,assets/ingested/A8E6562805F83713_normal_OTH_Normal.n.rtex.dds,,,,assets/ingested/A8E6562805F83713_height.h.rtex.dds,
A9A651A30E2E6C06,assets/ingested/A9A651A30E2E6C06_albedo.a.rtex.dds,assets/ingested/A9A651A30E2E6C06_normal_OTH_Normal.n.rtex.dds,,,,assets/ingested/A9A651A30E2E6C06_height.h.rtex.dds,
AA742862BC9E2836,assets/ingested/AA742862BC9E2836_albedo.a.rtex.dds,assets/ingested/AA742862BC9E2836_normal_OTH_Normal.n.rtex.dds,,,,,
AABB0900F3A61D0D,assets/ingested/AABB0900F3A61D0D_albedo.a.rtex.dds,assets/ingested/AABB0900F3A61D0D_normal_OTH_Normal.n.rtex.dds,,,,assets/ingested/AABB0900F3A61D0D_height.h.rtex.dds,
AACD8E1894652956,assets/ingested/AACD8E1894652956_albedo.a.rtex.dds,assets/ingested/AACD8E1894652956_normal_OTH_Normal.n.rtex.dds,,,,assets/ingested/AACD8E1894652956_height.h.rtex.dds,
AAEC14FE985A2690,assets/ingested/AAEC14FE985A2690_albedo.a.rtex.dds,assets/ingested/AAEC14FE985A2690_normal_OTH_Normal.n.rtex.dds,,,,assets/ingested/AAEC14FE985A2690_height.h.rtex.dds,
AB73A742015404CD,assets/ingested/AB73A742015404CD_albedo.a.rtex.dds,,,,assets/ingested/AB73A742015404CD_emissive.e.rtex.dds,,2.0
AB80822DA561C772,assets/ingested/ppb.a.rtex.dds,assets/ingested/ppb_n.a.rtex.dds,,,assets/ingested/ppb_e.a.rtex.dds,,1.0
ABAA73536378D3E5,assets/ingested/ABAA73536378D3E5_albedo.a.rtex.dds,assets/ingested/ABAA73536378D3E5_normal_OTH_Normal.n.rtex.dds,,,,assets/ingested/ABAA73536378D3E5_height.h.rtex.dds,
ABBDAA89BD23E4E4,assets/ingested/CC71E27B0312DBD3_albedo.a.rtex.dds,,,,assets/ingested/CC71E27B0312DBD3_emissive.e.rtex.dds,assets/ingested/CC71E27B0312DBD3_height.h.rtex.dds,24.0
ABE0199AEE106CFB,assets/ingested/ABE0199AEE106CFB_albedo.a.rtex.dds,assets/ingested/ABE0199AEE106CFB_normal_OTH_Normal.n.rtex.dds,,,,,
AC7BD88C8AE6C2D2,assets/ingested/AC7BD88C8AE6C2D2_albedo_ani.a.rtex.dds,assets/ingested/AC7BD88C8AE6C2D2_normal_ani_OTH_Normal.n.rtex.dds,,,assets/ingested/AC7BD88C8AE6C2D2_emissive_ani.e.rtex.dds,assets/ingested/AC7BD88C8AE6C2D2_height_ani.h.rtex.dds,4.0
AD4D58C1ACB5C516,assets/ingested/Minigun_Impact.a.rtex.dds,,,,assets/ingested/Minigun_Impact.a.rtex.dds,,0.5
ADF7EB5C72020831,assets/ingested/ADF7EB5C72020831_albedo.a.rtex.dds,assets/ingested/ADF7EB5C72020831_normal_OTH_Normal.n.rtex.dds,,,,assets/ingested/ADF7EB5C72020831_height.h.rtex.dds,
AE001B448262E37A,assets/ingested/AE001B448262E37A_animation_albedo.a.rtex.dds,assets/ingested/AE001B448262E37A_animation_normal_OTH_Normal.n.rtex.dds,,,,,
AE1ECB8EE46C75F0,assets/ingested/AE1ECB8EE46C75F0_albedo.a.rtex.dds,assets/ingested/AE1ECB8EE46C75F0_normal_OTH_Normal.n.rtex.dds,assets/ingested/AE1ECB8EE46C75F0_roughness.r.rtex.dds,assets/ingested/AE1ECB8EE46C75F0_metallic.m.rtex.dds,,assets/ingested/AE1ECB8EE46C75F0_height.h.rtex.dds,
AE62F56762C83861,assets/ingested/AE62F56762C83861_albedo.a.rtex.dds,assets/ingested/AE62F56762C83861_normal_OTH_Normal.n.rtex.dds,,,,assets/ingested/AE62F56762C83861_height.h.rtex.dds,
AE6EEC91DA673133,assets/ingested/LightningGun_BurnDecal.a.rtex.dds,assets/ingested/LightningGun_BurnNormal_OTH_Normal.n.rtex.dds,,,assets/ingested/LightningGun_BurnE.e.rtex.dds,,327.52
AEAA48D0DAB6C4D8,assets/ingested/AEAA48D0DAB6C4D8_albedo.a.rtex.dds,assets/ingested/AEAA48D0DAB6C4D8_normal_OTH_Normal.n.rtex.dds,assets/ingested/AEAA48D0DAB6C4D8_roughness.r.rtex.dds,assets/ingested/AEAA48D0DAB6C4D8_metallic.m.rtex.dds,,,
B04F8F0136A87A82,assets/ingested/B04F8F0136A87A82_albedo_animation.a.rtex.dds,assets/ingested/B04F8F0136A87A82_normal_animation_OTH_Normal.n.rtex.dds,,,assets/ingested/B04F8F0136A87A82_emissive_animation.e.rtex.dds,assets/ingested/B04F8F0136A87A82_height_animation.h.rtex.dds,12.0
B05392D6CCB78A74,assets/ingested/B05392D6CCB78A74_albedo.a.rtex.dds,assets/ingested/B05392D6CCB78A74_normal_OTH_Normal.n.rtex.dds,,,,assets/ingested/B05392D6CCB78A74_height.h.rtex.dds,
B09993B528F04A4D,assets/ingested/530DEAF379825DE3_albedo.a.rtex.dds,assets/ingested/530DEAF379825DE3_normal_OTH_Normal.n.rtex.dds,,,,assets/ingested/530DEAF379825DE3_height.h.rtex.dds,
B10706056EEED627,assets/ingested/B10706056EEED627_albedo.a.rtex.dds,assets/ingested/B10706056EEED627_normal_OTH_Normal.n.rtex.dds,,,,assets/ingested/B10706056EEED627_height.h.rtex.dds,
B118C8680E5DD57A,assets/ingested/B118C8680E5DD57A_albedo.a.rtex.dds,assets/ingested/B118C8680E5DD57A_normal_OTH_Normal.n.rtex.dds,,,,,
B1C9E8919B61CECF,assets/ingested/B1C9E8919B61CECF_albedo.a.rtex.dds,assets/ingested/B1C9E8919B61CECF_normal_OTH_Normal.n.rtex.dds,,,,assets/ingested/B1C9E8919B61CECF_height.h.rtex.dds,
B2E243B1990A4992,assets/ingested/B2E243B1990A4992_albedo.a.rtex.dds,assets/ingested/B2E243B1990A4992_normal_OTH_Normal.n.rtex.dds,,,,assets/ingested/B2E243B1990A4992_height.h.rtex.dds,
B2F1F7BE12C66384,assets/ingested/B2F1F7BE12C66384_albedo.a.rtex.dds,assets/ingested/B2F1F7BE12C66384_normal_OTH_Normal.n.rtex.dds,assets/ingested/B2F1F7BE12C66384_roughness.r.rtex.dds,,,assets/ingested/B2F1F7BE12C66384_height.h.rtex.dds,
B3041185CC507D80,assets/ingested/B3041185CC507D80_albedo.a.rtex.dds,assets/ingested/B3041185CC507D80_normal_OTH_Normal.n.rtex.dds,,,,assets/ingested/B3041185CC507D80_height.h.rtex.dds,
B30621DB5AF82CA3,assets/ingested/B30621DB5AF82CA3_albedo.a.rtex.dds,assets/ingested/B30621DB5AF82CA3_normal_OTH_Normal.n.rtex.dds,,,,assets/ingested/B30621DB5AF82CA3_height.h.rtex.dds,
B308768867E27369,assets/ingested/B308768867E27369_albedo.a.rtex.dds,assets/ingested/B308768867E27369_normal_OTH_Normal.n.rtex.dds,,,,assets/ingested/B308768867E27369_height.h.rtex.dds,
B39FEE42E8303424,assets/ingested/B39FEE42E8303424_albedo.a.rtex.dds,assets/ingested/B39FEE42E8303424_normal_OTH_Normal.n.rtex.dds,,,,assets/ingested/B39FEE42E8303424_height.h.rtex.dds,
B3A0DF9F054EB992,assets/ingested/B3A0DF9F054EB992_albedo.a.rtex.dds,assets/ingested/B3A0DF9F054EB992_normal_OTH_Normal.n.rtex.dds,,,,,
B42CBBBFFC381040,assets/ingested/B42CBBBFFC381040_albedo.a.rtex.dds,assets/ingested/B42CBBBFFC381040_normal_OTH_Normal.n.rtex.dds,,,,,
B440C4133078D337,assets/ingested/B440C4133078D337_albedo.a.rtex.dds,assets/ingested/B440C4133078D337_normal_OTH_Normal.n.rtex.dds,,,assets/ingested/B440C4133078D337_emissive.e.rtex.dds,assets/ingested/B440C4133078D337_height.h.rtex.dds,7860.4795
B4EEAAF427D1FB4F,assets/ingested/B4EEAAF427D1FB4F_albedo.a.rtex.dds,assets/ingested/B4EEAAF427D1FB4F_normal_OTH_Normal.n.rtex.dds,,,,assets/ingested/B4EEAAF427D1FB4F_height.h.rtex.dds,
B504CFE0711B9678,assets/ingested/B504CFE0711B9678_albedo.a.rtex.dds,assets/ingested/B504CFE0711B9678_normal_OTH_Normal.n.rtex.dds,,,assets/ingested/B504CFE0711B9678_emissive.e.rtex.dds,assets/ingested/B504CFE0711B9678_height.h.rtex.dds,8.0
B55B160410BA98ED,assets/ingested/B55B160410BA98ED_albedo.a.rtex.dds,,,,,,
B55FBDC5D5DAE4DC,assets/ingested/B55FBDC5D5DAE4DC_albedo.a.rtex.dds,assets/ingested/B55FBDC5D5DAE4DC_normal_OTH_Normal.n.rtex.dds,assets/ingested/B55FBDC5D5DAE4DC_roughness.r.rtex.dds,assets/ingested/B55FBDC5D5DAE4DC_metallic.m.rtex.dds,,assets/ingested/B55FBDC5D5DAE4DC_height.h.rtex.dds,
B5891269740191C6,assets/ingested/B5891269740191C6_albedo.a.rtex.dds,assets/ingested/B5891269740191C6_normal_OTH_Normal.n.rtex.dds,,,,assets/ingested/B5891269740191C6_height.h.rtex.dds,
B5C29512DE4622B4,assets/ingested/B5C29512DE4622B4_albedo.a.rtex.dds,assets/ingested/B5C29512DE4622B4_normal_OTH_Normal.n.rtex.dds,,,,assets/ingested/B5C29512DE4622B4_height.h.rtex.dds,
B655B44098E14E14,assets/ingested/B655B44098E14E14_albedo.a.rtex.dds,assets/ingested/B655B44098E14E14_normal_OTH_Normal.n.rtex.dds,assets/ingested/B655B44098E14E14_roughness.r.rtex.dds,assets/ingested/B655B44098E14E14_metallic.m.rtex.dds,,assets/ingested/B655B44098E14E14_height.h.rtex.dds,
B6C8E287AA21D068,assets/ingested/B6C8E287AA21D068_albedo.a.rtex.dds,assets/ingested/B6C8E287AA21D068_normal_OTH_Normal.n.rtex.dds,,,,assets/ingested/B6C8E287AA21D068_height.h.rtex.dds,
B72D38B67D923681,assets/ingested/B72D38B67D923681_albedo.a.rtex.dds,assets/ingested/B72D38B67D923681_normal_OTH_Normal.n.rtex.dds,assets/ingested/B72D38B67D923681_roughness.r.rtex.dds,assets/ingested/B72D38B67D923681_metallic.m.rtex.dds,,assets/ingested/B72D38B67D923681_height.h.rtex.dds,
B7426DE08E8CDE2B,assets/ingested/B7426DE08E8CDE2B_albedo.a.rtex.dds,assets/ingested/B7426DE08E8CDE2B_normal_OTH_Normal.n.rtex.dds,,,,assets/ingested/B7426DE08E8CDE2B_height.h.rtex.dds,
B7580DA0FF697353,assets/ingested/B7580DA0FF697353_albedo.a.rtex.dds,assets/ingested/B7580DA0FF697353_normal_OTH_Normal.n.rtex.dds,,,assets/ingested/B7580DA0FF697353_emissive.e.rtex.dds,assets/ingested/B7580DA0FF697353_height.h.rtex.dds,2.0
B824108CFDC11B6A,assets/ingested/B824108CFDC11B6A_albedo.a.rtex.dds,assets/ingested/B824108CFDC11B6A_normal_OTH_Normal.n.rtex.dds,,,assets/ingested/B824108CFDC11B6A_emissive.e.rtex.dds,assets/ingested/B824108CFDC11B6A_height.h.rtex.dds,4.0
B85C488284438C96,,,,,assets/ingested/42785B6F252D1977_emissive.e.rtex.dds,,28.0
B8E39D2D1BE9CAF2,assets/ingested/B8E39D2D1BE9CAF2_albedo.a.rtex.dds,assets/ingested/B8E39D2D1BE9CAF2_normal_OTH_Normal.n.rtex.dds,,,,assets/ingested/B8E39D2D1BE9CAF2_height.h.rtex.dds,
B94E93C2E78E5ECF,assets/ingested/B94E93C2E78E5ECF_albedo.a.rtex.dds,assets/ingested/B94E93C2E78E5ECF_normal_OTH_Normal.n.rtex.dds,,,,assets/ingested/B94E93C2E78E5ECF_height.h.rtex.dds,
B975EB14909FD3E9,assets/ingested/B975EB14909FD3E9_albedo.a.rtex.dds,assets/ingested/B975EB14909FD3E9_normal_OTH_Normal.n.rtex.dds,,,,assets/ingested/B975EB14909FD3E9_height.h.rtex.dds,
B9CEA39E3F92DE1F,assets/ingested/B9CEA39E3F92DE1F_albedo.a.rtex.dds,assets/ingested/B9CEA39E3F92DE1F_normal_OTH_Normal.n.rtex.dds,assets/ingested/B9CEA39E3F92DE1F_roughness.r.rtex.dds,assets/ingested/B9CEA39E3F92DE1F_metallic.m.rtex.dds,,assets/ingested/B9CEA39E3F92DE1F_height.h.rtex.dds,
B9D9C41F08399E6E,assets/ingested/B9D9C41F08399E6E_albedo.a.rtex.dds,assets/ingested/B9D9C41F08399E6E_normal_OTH_Normal.n.rtex.dds,,,,assets/ingested/B9D9C41F08399E6E_height.h.rtex.dds,
BA94F3FBBCC508ED,assets/ingested/BA94F3FBBCC508ED_albedo2.a.rtex.dds,assets/ingested/BA94F3FBBCC508ED_normal_OTH_Normal.n.rtex.dds,,,,assets/ingested/BA94F3FBBCC508ED_height.h.rtex.dds,
BA95A144CFEF4DEC,assets/ingested/BA95A144CFEF4DEC_albedo.a.rtex.dds,assets/ingested/BA95A144CFEF4DEC_normal_OTH_Normal.n.rtex.dds,assets/ingested/BA95A144CFEF4DEC_roughness.r.rtex.dds,assets/ingested/BA95A144CFEF4DEC_metallic.m.rtex.dds,assets/ingested/BA95A144CFEF4DEC_emissive.e.rtex.dds,assets/ingested/BA95A144CFEF4DEC_height.h.rtex.dds,4.0
BAA0D7BE6510576F,assets/ingested/BAA0D7BE6510576F_albedo.a.rtex.dds,,,,,,
BAA95E43D016C83D,assets/ingested/BAA95E43D016C83D_albedo.a.rtex.dds,assets/ingested/BAA95E43D016C83D_normal_OTH_Normal.n.rtex.dds,,assets/ingested/4D50A1AD49126495_metallic.m.rtex.dds,,assets/ingested/BAA95E43D016C83D_height.h.rtex.dds,
BAE9D280F3CEE339,assets/ingested/BAE9D280F3CEE339_albedo.a.rtex.dds,assets/ingested/BAE9D280F3CEE339_normal_OTH_Normal.n.rtex.dds,,,,assets/ingested/BAE9D280F3CEE339_height.h.rtex.dds,
BAEDF2D33E9EABB3,assets/ingested/BAEDF2D33E9EABB3_albedo.a.rtex.dds,assets/ingested/BAEDF2D33E9EABB3_normal_OTH_Normal.n.rtex.dds,assets/ingested/BAEDF2D33E9EABB3_roughness.r.rtex.dds,assets/ingested/BAEDF2D33E9EABB3_metallic.m.rtex.dds,,assets/ingested/BAEDF2D33E9EABB3_height.h.rtex.dds,
BAF75DBB3D4AD126,assets/ingested/BAF75DBB3D4AD126_albedo.a.rtex.dds,assets/ingested/BAF75DBB3D4AD126_normal_OTH_Normal.n.rtex.dds,,,,assets/ingested/BAF75DBB3D4AD126_height.h.rtex.dds,
BB5D50E6CF808FCF,assets/ingested/BB5D50E6CF808FCF_albedo.a.rtex.dds,assets/ingested/BB5D50E6CF808FCF_normal_OTH_Normal.n.rtex.dds,,,,assets/ingested/1680CFCB5ED3D6C6_height.h.rtex.dds,
BB6C0088155E9961,assets/ingested/BB6C0088155E9961_albedo.a.rtex.dds,assets/ingested/BB6C0088155E9961_normal_OTH_Normal.n.rtex.dds,,,assets/ingested/BB6C0088155E9961_emissive.e.rtex.dds,assets/ingested/BB6C0088155E9961_height.h.rtex.dds,2.0
BB724AC8F5CFA59B,assets/ingested/BB724AC8F5CFA59B_albedo.a.rtex.dds,assets/ingested/BB724AC8F5CFA59B_normal_OTH_Normal.n.rtex.dds,,assets/ingested/BB724AC8F5CFA59B_metallic.m.rtex.dds,,assets/ingested/BB724AC8F5CFA59B_height2.h.rtex.dds,
BB9CB6998E4845D0,assets/ingested/BB9CB6998E4845D0_albedo.a.rtex.dds,assets/ingested/BB9CB6998E4845D0_normal_OTH_Normal.n.rtex.dds,,,,assets/ingested/BB9CB6998E4845D0_height.h.rtex.dds,
BBE9CE69DFF72F8C,assets/ingested/BBE9CE69DFF72F8C_albedo.a.rtex.dds,assets/ingested/BBE9CE69DFF72F8C_normal_OTH_Normal.n.rtex.dds,assets/ingested/BBE9CE69DFF72F8C_roughness.r.rtex.dds,assets/ingested/BBE9CE69DFF72F8C_metallic.m.rtex.dds,,assets/ingested/BBE9CE69DFF72F8C_height.h.rtex.dds,
BC1067C730F48FA9,assets/ingested/BC1067C730F48FA9_albedo.a.rtex.dds,assets/ingested/BC1067C730F48FA9_normal_OTH_Normal.n.rtex.dds,,,,assets/ingested/BC1067C730F48FA9_height.h.rtex.dds,
BC1282F316E5C86F,assets/ingested/BC1282F316E5C86F_albedo.a.rtex.dds,assets/ingested/BC1282F316E5C86F_normal_OTH_Normal.n.rtex.dds,,,,assets/ingested/BC1282F316E5C86F_height.h.rtex.dds,
BC5C6C11C04150D7,assets/ingested/BC5C6C11C04150D7_albedo.a.rtex.dds,assets/ingested/BC5C6C11C04150D7_normal_OTH_Normal.n.rtex.dds,assets/ingested/BC5C6C11C04150D7_roughness.r.rtex.dds,,,assets/ingested/BC5C6C11C04150D7_height.h.rtex.dds,
BC9E7DE329007C2C,assets/ingested/BC9E7DE329007C2C_albedo.a.rtex.dds,assets/ingested/BC9E7DE329007C2C_normal_OTH_Normal.n.rtex.dds,,,,assets/ingested/BC9E7DE329007C2C_height.h.rtex.dds,
BCCFE9BD140D8C16,assets/ingested/BCCFE9BD140D8C16_albedo.a.rtex.dds,assets/ingested/BCCFE9BD140D8C16_normal_OTH_Normal.n.rtex.dds,assets/ingested/BCCFE9BD140D8C16_roughness.r.rtex.dds,assets/ingested/BCCFE9BD140D8C16_metallic.m.rtex.dds,,assets/ingested/BCCFE9BD140D8C16_height.h.rtex.dds,
BCD482F595B6C8C6,assets/ingested/BCD482F595B6C8C6_albedo_animation.a.rtex.dds,assets/ingested/BCD482F595B6C8C6_normal_animation_OTH_Normal.n.rtex.dds,,,assets/ingested/BCD482F595B6C8C6_emissive_animation.e.rtex.dds,assets/ingested/BCD482F595B6C8C6_height_animation.h.rtex.dds,12.0
BD46FEEE7621708D,assets/ingested/BD46FEEE7621708D_albedo.a.rtex.dds,assets/ingested/BD46FEEE7621708D_normal_OTH_Normal.n.rtex.dds,assets/ingested/BD46FEEE7621708D_roughness.r.rtex.dds,assets/ingested/BD46FEEE7621708D_metallic.m.rtex.dds,,assets/ingested/BD46FEEE7621708D_height.h.rtex.dds,
BDAE38F948E2239C,assets/ingested/BDAE38F948E2239Cl_albedo.a.rtex.dds,assets/ingested/BDAE38F948E2239Cl_normal_OTH_Normal.n.rtex.dds,assets/ingested/BDAE38F948E2239Cl_roughness.r.rtex.dds,assets/ingested/BDAE38F948E2239Cl_metallic.m.rtex.dds,,assets/ingested/BDAE38F948E2239Cl_height.h.rtex.dds,
BDBA98D254693ABD,assets/ingested/BDBA98D254693ABD_albedo_animation.a.rtex.dds,assets/ingested/BDBA98D254693ABD_normal_animation_OTH_Normal.n.rtex.dds,,,assets/ingested/BDBA98D254693ABD_emissive_animation.e.rtex.dds,assets/ingested/BDBA98D254693ABD_height_animation.h.rtex.dds,24.0
BE5FC0A5F04FDB49,assets/ingested/BE5FC0A5F04FDB49_albedo.a.rtex.dds,assets/ingested/BE5FC0A5F04FDB49_normal_OTH_Normal.n.rtex.dds,,,,assets/ingested/BE5FC0A5F04FDB49_height.h.rtex.dds,
BE823DFA1A996308,assets/ingested/BE823DFA1A996308_albedo.a.rtex.dds,assets/ingested/BE823DFA1A996308_normal_OTH_Normal.n.rtex.dds,,,,assets/ingested/BE823DFA1A996308_height.h.rtex.dds,
BE9862DC22D6F074,assets/ingested/BE9862DC22D6F074_albedo.a.rtex.dds,,,,assets/ingested/BE9862DC22D6F074_emissive.e.rtex.dds,,2.0
BF68B125FC6611BB,assets/ingested/BF68B125FC6611BB_albedo.a.rtex.dds,assets/ingested/BF68B125FC6611BB_normal_OTH_Normal.n.rtex.dds,assets/ingested/BF68B125FC6611BB_roughness.r.rtex.dds,assets/ingested/BF68B125FC6611BB_metallic.m.rtex.dds,,assets/ingested/BF68B125FC6611BB_height.h.rtex.dds,
BFE9E8B16212DA70,assets/ingested/BFE9E8B16212DA70_albedo.a.rtex.dds,assets/ingested/BFE9E8B16212DA70_normal_OTH_Normal.n.rtex.dds,,,,assets/ingested/BFE9E8B16212DA70_height.h.rtex.dds,
BFF26C8C5E150BB3,assets/ingested/BFF26C8C5E150BB3_albedo.a.rtex.dds,assets/ingested/BFF26C8C5E150BB3_normal_OTH_Normal.n.rtex.dds,assets/ingested/BFF26C8C5E150BB3_roughness.r.rtex.dds,assets/ingested/BFF26C8C5E150BB3_metallic.m.rtex.dds,,assets/ingested/BFF26C8C5E150BB3_height.h.rtex.dds,
C044D3D4873B644B,assets/ingested/C044D3D4873B644B_albedo.a.rtex.dds,assets/ingested/C044D3D4873B644B_normal_OTH_Normal.n.rtex.dds,assets/ingested/C044D3D4873B644B_roughness.r.rtex.dds,assets/ingested/C044D3D4873B644B_metallic.m.rtex.dds,,assets/ingested/C044D3D4873B644B_height.h.rtex.dds,
C12865D71FE5C37B,assets/ingested/C12865D71FE5C37B_albedo.a.rtex.dds,assets/ingested/C12865D71FE5C37B_normal_OTH_Normal.n.rtex.dds,,,,assets/ingested/C12865D71FE5C37B_height.h.rtex.dds,
C15A546BFA7F9F99,assets/ingested/C15A546BFA7F9F99_albedo.a.rtex.dds,assets/ingested/C15A546BFA7F9F99_normal_OTH_Normal.n.rtex.dds,,,,,
C1CA8435863C7075,assets/ingested/metal_plate_diff_2k.a.rtex.dds,assets/ingested/metal_plate_normal_2k_OTH_Normal.n.rtex.dds,,,,assets/ingested/metal_plate_disp_2k.h.rtex.dds,
C1E3B434B4264C37,assets/ingested/C1E3B434B4264C37_albedo.a.rtex.dds,assets/ingested/C1E3B434B4264C37_normal_OTH_Normal.n.rtex.dds,,assets/ingested/C1E3B434B4264C37_metallic.m.rtex.dds,,assets/ingested/C1E3B434B4264C37_height.h.rtex.dds,
C27F1A609A7719EC,assets/ingested/C27F1A609A7719EC_albedo.a.rtex.dds,,,,,,
C3E69B244A95FF28,assets/ingested/C3E69B244A95FF28_albedo.a.rtex.dds,assets/ingested/C3E69B244A95FF28_normal_OTH_Normal.n.rtex.dds,,,,assets/ingested/C3E69B244A95FF28_height.h.rtex.dds,
C455531E5EFAC746,assets/ingested/C455531E5EFAC746_albedo.a.rtex.dds,assets/ingested/C455531E5EFAC746_normal_OTH_Normal.n.rtex.dds,,,,assets/ingested/C455531E5EFAC746_height.h.rtex.dds,
C47AC610A82DC012,assets/ingested/C47AC610A82DC012_albedo.a.rtex.dds,assets/ingested/C47AC610A82DC012_normal_OTH_Normal.n.rtex.dds,assets/ingested/C47AC610A82DC012_materialize_roughness.r.rtex.dds,assets/ingested/C47AC610A82DC012_materialize_metallic.m.rtex.dds,assets/ingested/C47AC610A82DC012_emissive_NT.e.rtex.dds,assets/ingested/C47AC610A82DC012_height.h.rtex.dds,64.0
C4EBEAAD916A6F8D,assets/ingested/C4EBEAAD916A6F8D_albedo.a.rtex.dds,assets/ingested/C4EBEAAD916A6F8D_normal_OTH_Normal.n.rtex.dds,,,,assets/ingested/C4EBEAAD916A6F8D_height.h.rtex.dds,
C4FE13A6C7784999,assets/ingested/MiniGun_Muzzleflash.a.rtex.dds,,,,assets/ingested/MiniGun_Muzzleflash.a.rtex.dds,,0.5
C56BFBAF2DF26CD3,assets/ingested/C56BFBAF2DF26CD3_albedo.a.rtex.dds,assets/ingested/C56BFBAF2DF26CD3_normal_OTH_Normal.n.rtex.dds,,,,assets/ingested/C56BFBAF2DF26CD3_height.h.rtex.dds,
C58B86110F2C9095,assets/ingested/C58B86110F2C9095_albedo.a.rtex.dds,assets/ingested/C58B86110F2C9095_normal_OTH_Normal.n.rtex.dds,,,,assets/ingested/C58B86110F2C9095_height.h.rtex.dds,
C59E8400F376FEE8,assets/ingested/C59E8400F376FEE8_albedo.a.rtex.dds,assets/ingested/C59E8400F376FEE8_normal_OTH_Normal.n.rtex.dds,,,,assets/ingested/C59E8400F376FEE8_height.h.rtex.dds,
C6550523809B9228,assets/ingested/C6550523809B9228_albedo_animation.a.rtex.dds,,,,assets/ingested/C6550523809B9228_albedo_animation.a.rtex.dds,,64.0
C665E6B7CEDEEADF,assets/ingested/C665E6B7CEDEEADF_albedo.a.rtex.dds,assets/ingested/C665E6B7CEDEEADF_normal_OTH_Normal.n.rtex.dds,assets/ingested/C665E6B7CEDEEADF_roughness.r.rtex.dds,assets/ingested/C665E6B7CEDEEADF_metallic.m.rtex.dds,,assets/ingested/C665E6B7CEDEEADF_height.h.rtex.dds,
C6C20CDD4CCC3249,assets/ingested/C6C20CDD4CCC3249_albedo.a.rtex.dds,assets/ingested/C6C20CDD4CCC3249_normal_OTH_Normal.n.rtex.dds,,,,assets/ingested/C6C20CDD4CCC3249_height.h.rtex.dds,
C6DC67A0B6589C31,assets/ingested/C6DC67A0B6589C31_albedo.a.rtex.dds,assets/ingested/C6DC67A0B6589C31_normal_OTH_Normal.n.rtex.dds,,,,assets/ingested/C6DC67A0B6589C31_height.h.rtex.dds,
C6FBFC017CCD03DD,assets/ingested/C6FBFC017CCD03DD_albedo2.a.rtex.dds,assets/ingested/C6FBFC017CCD03DD_normal_OTH_Normal.n.rtex.dds,,,,assets/ingested/C6FBFC017CCD03DD_height.h.rtex.dds,
C890C48C40A9F99C,assets/ingested/C890C48C40A9F99C_albedo.a.rtex.dds,assets/ingested/C890C48C40A9F99C_normal_OTH_Normal.n.rtex.dds,,,,assets/ingested/C890C48C40A9F99C_height.h.rtex.dds,
C8C277E84EC0A801,assets/ingested/C8C277E84EC0A801_albedo.a.rtex.dds,assets/ingested/C8C277E84EC0A801_normal_OTH_Normal.n.rtex.dds,,,,,
CA4BA01EC5EA8018,assets/ingested/CA4BA01EC5EA8018_albedo.a.rtex.dds,assets/ingested/CA4BA01EC5EA8018_normal_OTH_Normal.n.rtex.dds,,,,assets/ingested/CA4BA01EC5EA8018_height.h.rtex.dds,
CA70F966BE030AA6,assets/ingested/CA70F966BE030AA6_albedo.a.rtex.dds,assets/ingested/CA70F966BE030AA6_normal_OTH_Normal.n.rtex.dds,,,,assets/ingested/CA70F966BE030AA6_height.h.rtex.dds,
CA8D850E174F8381,assets/ingested/CA8D850E174F8381_albedo.a.rtex.dds,assets/ingested/CA8D850E174F8381_normal_OTH_Normal.n.rtex.dds,,assets/ingested/CA8D850E174F8381_metallic.m.rtex.dds,,assets/ingested/CA8D850E174F8381_height.h.rtex.dds,
CABD175862658251,assets/ingested/CABD175862658251_albedo.a.rtex.dds,assets/ingested/CABD175862658251_normal_OTH_Normal.n.rtex.dds,,,assets/ingested/CABD175862658251_emissive.e.rtex.dds,assets/ingested/CABD175862658251_height.h.rtex.dds,8.0
CAC44E75E50AC539,assets/ingested/CAC44E75E50AC539_albedo.a.rtex.dds,assets/ingested/CAC44E75E50AC539_normal_OTH_Normal.n.rtex.dds,assets/ingested/CAC44E75E50AC539_roughness.r.rtex.dds,assets/ingested/CAC44E75E50AC539_metallic.m.rtex.dds,,assets/ingested/CAC44E75E50AC539_height.h.rtex.dds,
CB31B467B0CFAD22,assets/ingested/CB31B467B0CFAD22_albedo.a.rtex.dds,assets/ingested/CB31B467B0CFAD22_normal_OTH_Normal.n.rtex.dds,assets/ingested/CB31B467B0CFAD22_roughness.r.rtex.dds,assets/ingested/CB31B467B0CFAD22_metallic.m.rtex.dds,,assets/ingested/CB31B467B0CFAD22_height.h.rtex.dds,
CB50E3E7D3FA1817,assets/ingested/CB50E3E7D3FA1817_albedo.a.rtex.dds,assets/ingested/CB50E3E7D3FA1817_normal_OTH_Normal.n.rtex.dds,assets/ingested/CB50E3E7D3FA1817_roughness.r.rtex.dds,assets/ingested/CB50E3E7D3FA1817_metallic.m.rtex.dds,,assets/ingested/CB50E3E7D3FA1817_height.h.rtex.dds,
CBD5C907364A9B3D,assets/ingested/CBD5C907364A9B3D_albedo.a.rtex.dds,assets/ingested/CBD5C907364A9B3D_normal_OTH_Normal.n.rtex.dds,,,,assets/ingested/CBD5C907364A9B3D_height.h.rtex.dds,
CC01DE1BF721CF0B,assets/ingested/CC01DE1BF721CF0B_albedo.a.rtex.dds,assets/ingested/CC01DE1BF721CF0B_normal_OTH_Normal.n.rtex.dds,,,,assets/ingested/CC01DE1BF721CF0B_height.h.rtex.dds,
CC1953D997A35E2C,assets/ingested/CC1953D997A35E2C_albedo.a.rtex.dds,assets/ingested/CC1953D997A35E2C_normal_OTH_Normal.n.rtex.dds,,,,assets/ingested/CC1953D997A35E2C_height.h.rtex.dds,
CC242DBB8F9250F8,assets/ingested/CC242DBB8F9250F8_albedo.a.rtex.dds,assets/ingested/CC242DBB8F9250F8_normal_OTH_Normal.n.rtex.dds,,,,assets/ingested/CC242DBB8F9250F8_height.h.rtex.dds,
CC6A100CB9B4A51B,assets/ingested/CC6A100CB9B4A51B_albedo.a.rtex.dds,assets/ingested/CC6A100CB9B4A51B_normal_OTH_Normal.n.rtex.dds,,,assets/ingested/CC6A100CB9B4A51B_emissive.e.rtex.dds,assets/ingested/CC6A100CB9B4A51B_height2.h.rtex.dds,8.0
CC71E27B0312DBD3,assets/ingested/CC71E27B0312DBD3_albedo.a.rtex.dds,,,,assets/ingested/CC71E27B0312DBD3_emissive.e.rtex.dds,assets/ingested/CC71E27B0312DBD3_height.h.rtex.dds,24.0
CD0281BC22708EDD,assets/ingested/CD0281BC22708EDD_albedo.a.rtex.dds,assets/ingested/CD0281BC22708EDD_normal_OTH_Normal.n.rtex.dds,,,,assets/ingested/CD0281BC22708EDD_height.h.rtex.dds,
CD03F9B1ED85313E,assets/ingested/CD03F9B1ED85313E_albedo.a.rtex.dds,assets/ingested/CD03F9B1ED85313E_normal_OTH_Normal.n.rtex.dds,,,,assets/ingested/CD03F9B1ED85313E_height.h.rtex.dds,
CE4AD28388D8F2A2,assets/ingested/CE4AD28388D8F2A2_albedo.a.rtex.dds,assets/ingested/CE4AD28388D8F2A2_normal_OTH_Normal.n.rtex.dds,assets/ingested/CE4AD28388D8F2A2_roughness.r.rtex.dds,assets/ingested/CE4AD28388D8F2A2_metallic.m.rtex.dds,,assets/ingested/CE4AD28388D8F2A2_height.h.rtex.dds,
CED5969887078B3C,assets/ingested/CED5969887078B3C_albedo.a.rtex.dds,assets/ingested/CED5969887078B3C_normal_OTH_Normal.n.rtex.dds,,,,assets/ingested/CED5969887078B3C_height.h.rtex.dds,
CF64C84A50525363,assets/ingested/CF64C84A50525363_albedo.a.rtex.dds,assets/ingested/CF64C84A50525363_normal_OTH_Normal.n.rtex.dds,,,,assets/ingested/CF64C84A50525363_height.h.rtex.dds,
CF86029D856C3B5B,assets/ingested/CF86029D856C3B5B_albedo.a.rtex.dds,assets/ingested/CF86029D856C3B5B_normal_OTH_Normal.n.rtex.dds,,,,assets/ingested/CF86029D856C3B5B_height.h.rtex.dds,
CFAC92200F4E2F35,assets/ingested/CFAC92200F4E2F35_albedo.a.rtex.dds,assets/ingested/CFAC92200F4E2F35_normal_OTH_Normal.n.rtex.dds,,,,assets/ingested/CFAC92200F4E2F35_height.h.rtex.dds,
CFAF924F0FB8D6E7,assets/ingested/CFAF924F0FB8D6E7_albedo.a.rtex.dds,assets/ingested/CFAF924F0FB8D6E7_normal_OTH_Normal.n.rtex.dds,,,,assets/ingested/CFAF924F0FB8D6E7_height.h.rtex.dds,
CFBF6B584FD94A13,assets/ingested/CFBF6B584FD94A13_albedo.a.rtex.dds,assets/ingested/CFBF6B584FD94A13_normal_OTH_Normal.n.rtex.dds,,,,,
D027D489CD5073C8,assets/ingested/D027D489CD5073C8_albedo.a.rtex.dds,assets/ingested/D027D489CD5073C8_normal_OTH_Normal.n.rtex.dds,,,,assets/ingested/D027D489CD5073C8_height.h.rtex.dds,
D12BD1EE686C54ED,assets/ingested/D12BD1EE686C54ED_albedo.a.rtex.dds,assets/ingested/D12BD1EE686C54ED_normal_OTH_Normal.n.rtex.dds,,,,,
D1351064DB48154C,assets/ingested/D1351064DB48154C_albedo.a.rtex.dds,,,,,,
D13FB11211ECB8F6,assets/ingested/D13FB11211ECB8F6_albedo.a.rtex.dds,assets/ingested/D13FB11211ECB8F6_normal_OTH_Normal.n.rtex.dds,,,,assets/ingested/D13FB11211ECB8F6_height.h.rtex.dds,
D17B45BB0834EFF2,assets/ingested/D17B45BB0834EFF2_albedo.a.rtex.dds,assets/ingested/D17B45BB0834EFF2_normal_OTH_Normal.n.rtex.dds,assets/ingested/D17B45BB0834EFF2_roughness.r.rtex.dds,assets/ingested/D17B45BB0834EFF2_metallic.m.rtex.dds,,assets/ingested/D17B45BB0834EFF2_height.h.rtex.dds,
D19BEC245F35EBB2,assets/ingested/D19BEC245F35EBB2_albedo.a.rtex.dds,assets/ingested/D19BEC245F35EBB2_normal_OTH_Normal.n.rtex.dds,,,assets/ingested/D19BEC245F35EBB2_emissive.e.rtex.dds,assets/ingested/D19BEC245F35EBB2_height2.h.rtex.dds,24.0
D1C7D42EAAF06639,assets/ingested/D1C7D42EAAF06639_albedo.a.rtex.dds,assets/ingested/D1C7D42EAAF06639_normal_OTH_Normal.n.rtex.dds,,,,,
D1CE18C1A7494809,assets/ingested/D1CE18C1A7494809_albedo.a.rtex.dds,assets/ingested/D1CE18C1A7494809_normal_OTH_Normal.n.rtex.dds,,,,assets/ingested/D1CE18C1A7494809_height.h.rtex.dds,
D1DA0C8BDAC12925,assets/ingested/D1DA0C8BDAC12925_albedo.a.rtex.dds,assets/ingested/D1DA0C8BDAC12925_normal_OTH_Normal.n.rtex.dds,assets/ingested/D1DA0C8BDAC12925_roughness.r.rtex.dds,assets/ingested/D1DA0C8BDAC12925_metallic.m.rtex.dds,,assets/ingested/D1DA0C8BDAC12925_height.h.rtex.dds,
D1DBB29764FB82D1,assets/ingested/D1DBB29764FB82D1_albedo.a.rtex.dds,,,,,,
D1F11A4808A1D799,assets/ingested/D1F11A4808A1D799_albedo.a.rtex.dds,assets/ingested/D1F11A4808A1D799_normal_OTH_Normal.n.rtex.dds,,,,assets/ingested/D1F11A4808A1D799_height.h.rtex.dds,
D1F897B0C3619E89,assets/ingested/D1F897B0C3619E89_albedo.a.rtex.dds,assets/ingested/D1F897B0C3619E89_normal_OTH_Normal.n.rtex.dds,,,,assets/ingested/D1F897B0C3619E89_height.h.rtex.dds,
D20ADE117E17F053,assets/ingested/D20ADE117E17F053_albedo.a.rtex.dds,assets/ingested/7A08AAC7DA0C201E_normal_OTH_Normal.n.rtex.dds,assets/ingested/D20ADE117E17F053_roughness.r.rtex.dds,assets/ingested/D20ADE117E17F053_metallic.m.rtex.dds,,assets/ingested/7A08AAC7DA0C201E_height.h.rtex.dds,
D21DD600C13801F1,assets/ingested/D21DD600C13801F1_albedo.a.rtex.dds,assets/ingested/D21DD600C13801F1_normal_OTH_Normal.n.rtex.dds,,,,assets/ingested/D21DD600C13801F1_height.h.rtex.dds,
D232634719E21B61,assets/ingested/D232634719E21B61_albedo.a.rtex.dds,assets/ingested/D232634719E21B61_normal_OTH_Normal.n.rtex.dds,,,,assets/ingested/D232634719E21B61_height.h.rtex.dds,
D234B8E80B1FF2BF,assets/ingested/D234B8E80B1FF2BF_albedo_animation.a.rtex.dds,assets/ingested/D234B8E80B1FF2BF_normal_animation_OTH_Normal.n.rtex.dds,,,assets/ingested/D234B8E80B1FF2BF_emissive_animation.e.rtex.dds,assets/ingested/D234B8E80B1FF2BF_height_animation.h.rtex.dds,16.0
D289667B7B1B6565,assets/ingested/D289667B7B1B6565_albedo.a.rtex.dds,assets/ingested/D289667B7B1B6565_normal_OTH_Normal.n.rtex.dds,assets/ingested/D289667B7B1B6565_roughness.r.rtex.dds,assets/ingested/D289667B7B1B6565_metallic.m.rtex.dds,,assets/ingested/D289667B7B1B6565_height.h.rtex.dds,
D317E30485F91D79,assets/ingested/D317E30485F91D79_albedo.a.rtex.dds,assets/ingested/D317E30485F91D79_normal_OTH_Normal.n.rtex.dds,,,,assets/ingested/D317E30485F91D79_height.h.rtex.dds,
D3A0AAF11BEDE344,assets/ingested/D3A0AAF11BEDE344_albedo_ani.a.rtex.dds,assets/ingested/D3A0AAF11BEDE344_normal_ani_OTH_Normal.n.rtex.dds,assets/ingested/D3A0AAF11BEDE344_roughness_ani.r.rtex.dds,assets/ingested/D3A0AAF11BEDE344_metallic_ani.m.rtex.dds,assets/ingested/D3A0AAF11BEDE344_emissive_ani_mirrord.e.rtex.dds,assets/ingested/D3A0AAF11BEDE344_height_ani.h.rtex.dds,4.0
D3C67847368F4E3E,assets/ingested/D3C67847368F4E3E_albedo.a.rtex.dds,assets/ingested/D3C67847368F4E3E_normal_OTH_Normal.n.rtex.dds,,,,assets/ingested/D3C67847368F4E3E_height.h.rtex.dds,
D43C6F57F2D05751,assets/ingested/D43C6F57F2D05751_albedo.a.rtex.dds,assets/ingested/D43C6F57F2D05751_normal_OTH_Normal.n.rtex.dds,,,,assets/ingested/D43C6F57F2D05751_height.h.rtex.dds,
D498D6FF35AFF6E4,assets/ingested/D498D6FF35AFF6E4_albedo.a.rtex.dds,assets/ingested/D498D6FF35AFF6E4_normal_OTH_Normal.n.rtex.dds,assets/ingested/D498D6FF35AFF6E4_roughness.r.rtex.dds,,,assets/ingested/D498D6FF35AFF6E4_height.h.rtex.dds,
D4B8C47D82EA4A71,assets/ingested/D4B8C47D82EA4A71_albedo_animation.a.rtex.dds,assets/ingested/D4B8C47D82EA4A71_normal_animation_OTH_Normal.n.rtex.dds,assets/ingested/D4B8C47D82EA4A71_roughness_animation.r.rtex.dds,assets/ingested/D4B8C47D82EA4A71_metallic_animation.m.rtex.dds,assets/ingested/D4B8C47D82EA4A71_emissive_animation.e.rtex.dds,assets/ingested/D4B8C47D82EA4A71_height_animation.h.rtex.dds,4.0
D4F1119DC37AD730,assets/ingested/D4F1119DC37AD730_albedo.a.rtex.dds,assets/ingested/D4F1119DC37AD730_normal_OTH_Normal.n.rtex.dds,,,,assets/ingested/D4F1119DC37AD730_height.h.rtex.dds,
D5404CB8704E0D9B,assets/ingested/D5404CB8704E0D9B_albedo.a.rtex.dds,assets/ingested/D5404CB8704E0D9B_normal_OTH_Normal.n.rtex.dds,,,,assets/ingested/D5404CB8704E0D9B_height.h.rtex.dds,
D55A04D041450933,assets/ingested/D55A04D041450933_albedo.a.rtex.dds,assets/ingested/D55A04D041450933_normal_OTH_Normal.n.rtex.dds,,,assets/ingested/D55A04D041450933_emissive.e.rtex.dds,,24.0
D5843A0FFA243549,assets/ingested/D5843A0FFA243549_albedo.a.rtex.dds,assets/ingested/D5843A0FFA243549_normal_OTH_Normal.n.rtex.dds,,,,assets/ingested/D5843A0FFA243549_height.h.rtex.dds,
D5D774A75BFB47EC,assets/ingested/lighting.a.rtex.dds,,,,assets/ingested/lighting.a.rtex.dds,,24.0
D61C111832BC2A33,assets/ingested/D61C111832BC2A33_albedo.a.rtex.dds,assets/ingested/D61C111832BC2A33_normal_OTH_Normal.n.rtex.dds,,,,assets/ingested/D61C111832BC2A33_height.h.rtex.dds,
D65C280A2EA5CDC3,assets/ingested/D65C280A2EA5CDC3_albedo.a.rtex.dds,assets/ingested/D65C280A2EA5CDC3_normal_OTH_Normal.n.rtex.dds,,,,assets/ingested/D65C280A2EA5CDC3_height.h.rtex.dds,
D6888C489F1ADEDB,assets/ingested/D6888C489F1ADEDB_albedo.a.rtex.dds,assets/ingested/D6888C489F1ADEDB_normal_OTH_Normal.n.rtex.dds,,,assets/ingested/D6888C489F1ADEDB_emissive.e.rtex.dds,assets/ingested/D6888C489F1ADEDB_height.h.rtex.dds,8.0
D6D21D3A850D3CF7,assets/ingested/D6D21D3A850D3CF7_albedo.a.rtex.dds,assets/ingested/D6D21D3A850D3CF7_normal_OTH_Normal.n.rtex.dds,assets/ingested/D6D21D3A850D3CF7_roughness.r.rtex.dds,assets/ingested/D6D21D3A850D3CF7_metallic.m.rtex.dds,,assets/ingested/D6D21D3A850D3CF7_height.h.rtex.dds,
D762EC8EC87D1763,assets/ingested/D762EC8EC87D1763_albedo.a.rtex.dds,assets/ingested/D762EC8EC87D1763_normal_OTH_Normal.n.rtex.dds,,,,,
D7973176A543A7C5,assets/ingested/D7973176A543A7C5_albedo.a.rtex.dds,assets/ingested/D7973176A543A7C5_normal_OTH_Normal.n.rtex.dds,assets/ingested/D7973176A543A7C5_roughness.r.rtex.dds,assets/ingested/D7973176A543A7C5_metallic.m.rtex.dds,,assets/ingested/D7973176A543A7C5_height.h.rtex.dds,
D79CCC8365E7B98B,assets/ingested/D79CCC8365E7B98B_albedo.a.rtex.dds,assets/ingested/D79CCC8365E7B98B_normal_OTH_Normal.n.rtex.dds,,,,assets/ingested/D79CCC8365E7B98B_height.h.rtex.dds,
D7A2E4B050AA35DC,assets/ingested/D7A2E4B050AA35DC_albedo.a.rtex.dds,assets/ingested/D7A2E4B050AA35DC_normal_OTH_Normal.n.rtex.dds,,,,assets/ingested/D7A2E4B050AA35DC_height.h.rtex.dds,
D7AAE23EB6B4F49F,assets/ingested/D7AAE23EB6B4F49F_albedo.a.rtex.dds,assets/ingested/D7AAE23EB6B4F49F_normal_OTH_Normal.n.rtex.dds,,,,assets/ingested/D7AAE23EB6B4F49F_height.h.rtex.dds,
D7B7F7AA31FEA954,assets/ingested/D7B7F7AA31FEA954_albedo.a.rtex.dds,assets/ingested/D7B7F7AA31FEA954_normal_OTH_Normal.n.rtex.dds,assets/ingested/D7B7F7AA31FEA954_roughness.r.rtex.dds,assets/ingested/D7B7F7AA31FEA954_metallic.m.rtex.dds,assets/ingested/D7B7F7AA31FEA954_emissive.e.rtex.dds,assets/ingested/D7B7F7AA31FEA954_height.h.rtex.dds,48.0
D8685C519BE71CFF,assets/ingested/D8685C519BE71CFF_albedo.a.rtex.dds,assets/ingested/D8685C519BE71CFF_normal_OTH_Normal.n.rtex.dds,,,,assets/ingested/D8685C519BE71CFF_height.h.rtex.dds,
D88A8D1F80A95B73,assets/ingested/D88A8D1F80A95B73_albedo.a.rtex.dds,assets/ingested/D88A8D1F80A95B73_normal_OTH_Normal.n.rtex.dds,,,,assets/ingested/D88A8D1F80A95B73_height.h.rtex.dds,
D92EDA212A5163D7,assets/ingested/D92EDA212A5163D7_albedo.a.rtex.dds,assets/ingested/D92EDA212A5163D7_normal_OTH_Normal.n.rtex.dds,,,,,
DA38BE3475F572C8,assets/ingested/DA38BE3475F572C8_albedo.a.rtex.dds,,,,assets/ingested/DA38BE3475F572C8_albedo.a.rtex.dds,,256.0
DB2360368960430B,assets/ingested/DB2360368960430B_albedo.a.rtex.dds,assets/ingested/DB2360368960430B_normal_OTH_Normal.n.rtex.dds,,,,assets/ingested/DB2360368960430B_height.h.rtex.dds,
DB42797B6A33F93E,assets/ingested/DB42797B6A33F93E_albedo.a.rtex.dds,assets/ingested/DB42797B6A33F93E_normal_OTH_Normal.n.rtex.dds,,,,assets/ingested/DB42797B6A33F93E_height.h.rtex.dds,
DBD7FAAD105B479C,assets/ingested/DBD7FAAD105B479C_albedo.a.rtex.dds,assets/ingested/DBD7FAAD105B479C_normal_OTH_Normal.n.rtex.dds,,,,assets/ingested/DBD7FAAD105B479C_height.h.rtex.dds,
DBEEDC4F1FB75AFD,assets/ingested/DBEEDC4F1FB75AFD_albedo.a.rtex.dds,assets/ingested/DBEEDC4F1FB75AFD_normal_OTH_Normal.n.rtex.dds,,,,assets/ingested/DBEEDC4F1FB75AFD_height.h.rtex.dds,
DD222655DE6282DC,assets/ingested/DD222655DE6282DC_albedo.a.rtex.dds,assets/ingested/DD222655DE6282DC_normal_OTH_Normal.n.rtex.dds,,,,assets/ingested/DD222655DE6282DC_height.h.rtex.dds,
DDB2E933C1231932,assets/ingested/DDB2E933C1231932_albedo.a.rtex.dds,assets/ingested/DDB2E933C1231932_normal_OTH_Normal.n.rtex.dds,assets/ingested/DDB2E933C1231932_roughness.r.rtex.dds,assets/ingested/DDB2E933C1231932_metallic.m.rtex.dds,,assets/ingested/DDB2E933C1231932_height.h.rtex.dds,
DDB6B4B3E7B55769,assets/ingested/DDB6B4B3E7B55769_albedo.a.rtex.dds,assets/ingested/DDB6B4B3E7B55769_normal_OTH_Normal.n.rtex.dds,,,,,
DDC4EA57BE8E4F54,assets/ingested/DDC4EA57BE8E4F54_albedo.a.rtex.dds,assets/ingested/DDC4EA57BE8E4F54_normal_OTH_Normal.n.rtex.dds,,,,assets/ingested/DDC4EA57BE8E4F54_height.h.rtex.dds,
DDE0B7C4076E27C1,assets/ingested/DDE0B7C4076E27C1_albedo.a.rtex.dds,assets/ingested/DDE0B7C4076E27C1_normal_OTH_Normal.n.rtex.dds,,,,assets/ingested/DDE0B7C4076E27C1_height.h.rtex.dds,
DE41E2681FE73B46,assets/ingested/DE41E2681FE73B46_albedo.a.rtex.dds,assets/ingested/DE41E2681FE73B46_normal_OTH_Normal.n.rtex.dds,,assets/ingested/DE41E2681FE73B46_metallic.m.rtex.dds,,assets/ingested/DE41E2681FE73B46_height.h.rtex.dds,
DE632E390CAC1329,assets/ingested/DE632E390CAC1329_albedo.a.rtex.dds,assets/ingested/DE632E390CAC1329_normal_OTH_Normal.n.rtex.dds,assets/ingested/DE632E390CAC1329_roughness.r.rtex.dds,assets/ingested/DE632E390CAC1329_metallic.m.rtex.dds,,assets/ingested/DE632E390CAC1329_height.h.rtex.dds,
DE89E94A7F8ED63B,assets/ingested/DE89E94A7F8ED63B_albedo.a.rtex.dds,assets/ingested/DE89E94A7F8ED63B_normal_OTH_Normal.n.rtex.dds,,,,assets/ingested/DE89E94A7F8ED63B_height.h.rtex.dds,
DF01CD25A64159B6,assets/ingested/DF01CD25A64159B6_albedo.a.rtex.dds,assets/ingested/DF01CD25A64159B6_normal_OTH_Normal.n.rtex.dds,,,,assets/ingested/DF01CD25A64159B6_height.h.rtex.dds,
DF13205F73E62326,assets/ingested/plasma.a.rtex.dds,,,,assets/ingested/plasma.a.rtex.dds,,24.0
DF738B1BD59E490E,assets/ingested/grenade.a.rtex.dds,,,,assets/ingested/grenade.a.rtex.dds,,24.0
DFBA1D6B2B0064C2,assets/ingested/DFBA1D6B2B0064C2_albedo.a.rtex.dds,assets/ingested/DFBA1D6B2B0064C2_normal_OTH_Normal.n.rtex.dds,,,,assets/ingested/DFBA1D6B2B0064C2_height.h.rtex.dds,
DFC3F2327C7D8D82,assets/ingested/DFC3F2327C7D8D82_albedo.a.rtex.dds,assets/ingested/DFC3F2327C7D8D82_normal_OTH_Normal.n.rtex.dds,assets/ingested/DFC3F2327C7D8D82_roughness.r.rtex.dds,assets/ingested/DFC3F2327C7D8D82_metallic.m.rtex.dds,,assets/ingested/DFC3F2327C7D8D82_height.h.rtex.dds,
DFCB3459B24DC83F,assets/ingested/DFCB3459B24DC83F_albedo.a.rtex.dds,assets/ingested/DFCB3459B24DC83F_normal_OTH_Normal.n.rtex.dds,,,,assets/ingested/DFCB3459B24DC83F_height.h.rtex.dds,
DFDD3C8181C512F9,assets/ingested/DFDD3C8181C512F9_albedo.a.rtex.dds,assets/ingested/DFDD3C8181C512F9_normal_OTH_Normal.n.rtex.dds,,,,assets/ingested/DFDD3C8181C512F9_height.h.rtex.dds,
DFF50C1D64F56AA0,assets/ingested/DFF50C1D64F56AA0_albedo.a.rtex.dds,assets/ingested/DFF50C1D64F56AA0_normal_OTH_Normal.n.rtex.dds,assets/ingested/DFF50C1D64F56AA0_roughness.r.rtex.dds,assets/ingested/DFF50C1D64F56AA0_metallic.m.rtex.dds,,assets/ingested/DFF50C1D64F56AA0_height.h.rtex.dds,
E004EEC208E8349C,assets/ingested/E004EEC208E8349C_albedo.a.rtex.dds,,,,assets/ingested/E004EEC208E8349C_albedo.a.rtex.dds,,2.0
E019573FC9F886E7,assets/ingested/E019573FC9F886E7_albedo.a.rtex.dds,assets/ingested/E019573FC9F886E7_normal_OTH_Normal.n.rtex.dds,assets/ingested/E019573FC9F886E7_roughness.r.rtex.dds,assets/ingested/E019573FC9F886E7_metallic.m.rtex.dds,,assets/ingested/E019573FC9F886E7_height.h.rtex.dds,
E0D1DB49F9E2F2F6,assets/ingested/E0D1DB49F9E2F2F6_albedo.a.rtex.dds,assets/ingested/E0D1DB49F9E2F2F6_normal_OTH_Normal.n.rtex.dds,,,,assets/ingested/E0D1DB49F9E2F2F6_height.h.rtex.dds,
E11E8C13CEAF8C7E,assets/ingested/E11E8C13CEAF8C7E_albedo.a.rtex.dds,,,,,,
E1557541831DF780,assets/ingested/E1557541831DF780_emissive.e.rtex.dds,,,,assets/ingested/E1557541831DF780_albedo.a.rtex.dds,,16.0
E17F2F2C36353AB6,assets/ingested/E17F2F2C36353AB6_albedo.a.rtex.dds,assets/ingested/E17F2F2C36353AB6_normal_OTH_Normal.n.rtex.dds,assets/ingested/E17F2F2C36353AB6_roughness.r.rtex.dds,assets/ingested/E17F2F2C36353AB6_metallic.m.rtex.dds,,,
E185AB1327860146,assets/ingested/E185AB1327860146_albedo.a.rtex.dds,assets/ingested/E185AB1327860146_normal_OTH_Normal.n.rtex.dds,,,,assets/ingested/E185AB1327860146_height.h.rtex.dds,
E22D1E5EC44AFF23,assets/ingested/E22D1E5EC44AFF23_albedo.a.rtex.dds,assets/ingested/E22D1E5EC44AFF23_normal_OTH_Normal.n.rtex.dds,,,,assets/ingested/E22D1E5EC44AFF23_height_custom.h.rtex.dds,
E2D4EA81AB0FD111,assets/ingested/E2D4EA81AB0FD111_albedo.a.rtex.dds,assets/ingested/E2D4EA81AB0FD111_normal_OTH_Normal.n.rtex.dds,assets/ingested/E2D4EA81AB0FD111_roughness.r.rtex.dds,assets/ingested/E2D4EA81AB0FD111_metallic.m.rtex.dds,,assets/ingested/E2D4EA81AB0FD111_height.h.rtex.dds,
E36432D25170735A,assets/ingested/E36432D25170735A_albedo.a.rtex.dds,assets/ingested/E36432D25170735A_normal_OTH_Normal.n.rtex.dds,,,assets/ingested/E36432D25170735A_albedo.a.rtex.dds,,1.0
E364FDA95595F601,assets/ingested/E364FDA95595F601_albedo.a.rtex.dds,assets/ingested/E364FDA95595F601_normal_OTH_Normal.n.rtex.dds,assets/ingested/E364FDA95595F601_roughness.r.rtex.dds,assets/ingested/E364FDA95595F601_metallic.m.rtex.dds,,,
E37E0B08FC4F8DB1,assets/ingested/E37E0B08FC4F8DB1_albedo.a.rtex.dds,assets/ingested/E37E0B08FC4F8DB1_normal_OTH_Normal.n.rtex.dds,,,,assets/ingested/E37E0B08FC4F8DB1_height.h.rtex.dds,
E3CD8370700868F0,assets/ingested/E3CD8370700868F0_albedo.a.rtex.dds,assets/ingested/E3CD8370700868F0_normal_OTH_Normal.n.rtex.dds,,,,assets/ingested/E3CD8370700868F0_height.h.rtex.dds,
E3DDC0ACA49A4576,assets/ingested/E3DDC0ACA49A4576_albedo.a.rtex.dds,assets/ingested/E3DDC0ACA49A4576_normal_OTH_Normal.n.rtex.dds,,,assets/ingested/E3DDC0ACA49A4576_emissive.e.rtex.dds,assets/ingested/E3DDC0ACA49A4576_height.h.rtex.dds,2.0
E47D2911047426F6,assets/ingested/E47D2911047426F6_albedo.a.rtex.dds,assets/ingested/E47D2911047426F6_normal_OTH_Normal.n.rtex.dds,,,,assets/ingested/E47D2911047426F6_height.h.rtex.dds,
E489D3AD5C326F44,assets/ingested/E489D3AD5C326F44_albedo.a.rtex.dds,assets/ingested/E489D3AD5C326F44_normal_OTH_Normal.n.rtex.dds,,,,assets/ingested/E489D3AD5C326F44_height.h.rtex.dds,
E4D67145F8F78C4B,assets/ingested/E4D67145F8F78C4B_albedo.a.rtex.dds,assets/ingested/E4D67145F8F78C4B_normal_OTH_Normal.n.rtex.dds,,,,assets/ingested/E4D67145F8F78C4B_height.h.rtex.dds,
E5315E183F0DB72F,assets/ingested/E5315E183F0DB72F_albedo.a.rtex.dds,assets/ingested/E5315E183F0DB72F_normal_OTH_Normal.n.rtex.dds,,,,assets/ingested/E5315E183F0DB72F_height.h.rtex.dds,
E574B1F821E762D4,assets/ingested/E574B1F821E762D4_albedo.a.rtex.dds,assets/ingested/E574B1F821E762D4_normal_OTH_Normal.n.rtex.dds,,,,assets/ingested/E574B1F821E762D4_height.h.rtex.dds,
E57C1DE84165C4CC,assets/ingested/9023C25526909EA5_albedo.a.rtex.dds,assets/ingested/9023C25526909EA5_normal_OTH_Normal.n.rtex.dds,,,,assets/ingested/9023C25526909EA5_height.h.rtex.dds,
E58BEF39C07D210B,assets/ingested/E58BEF39C07D210B_albedo.a.rtex.dds,assets/ingested/E58BEF39C07D210B_normal_OTH_Normal.n.rtex.dds,,,,assets/ingested/E58BEF39C07D210B_height.h.rtex.dds,
E61DA657B77F17B3,assets/ingested/E61DA657B77F17B3_albedo.a.rtex.dds,assets/ingested/E61DA657B77F17B3_normal_OTH_Normal.n.rtex.dds,,,,assets/ingested/E61DA657B77F17B3_height.h.rtex.dds,
E6677BD0E49601FF,assets/ingested/E6677BD0E49601FF_albedo.a.rtex.dds,assets/ingested/E6677BD0E49601FF_normal_OTH_Normal.n.rtex.dds,,,,assets/ingested/E6677BD0E49601FF_height.h.rtex.dds,
E66F319CF25B40D9,,,,,assets/ingested/C6550523809B9228_albedo_animation.a.rtex.dds,,64.0
E714C666F796BB76,assets/ingested/E714C666F796BB76_albedo.a.rtex.dds,assets/ingested/E714C666F796BB76_normal_OTH_Normal.n.rtex.dds,,,assets/ingested/E714C666F796BB76_emissive2.e.rtex.dds,assets/ingested/E714C666F796BB76_height.h.rtex.dds,8.0
E717B514BB5800BC,assets/ingested/E717B514BB5800BC_albedo.a.rtex.dds,assets/ingested/E717B514BB5800BC_normal_OTH_Normal.n.rtex.dds,assets/ingested/E717B514BB5800BC_roughness.r.rtex.dds,assets/ingested/E717B514BB5800BC_metallic.m.rtex.dds,assets/ingested/E717B514BB5800BC_emissive.e.rtex.dds,assets/ingested/E717B514BB5800BC_height.h.rtex.dds,4.0
E7692B5A851E1816,assets/ingested/E7692B5A851E1816_albedo.a.rtex.dds,assets/ingested/E7692B5A851E1816_normal_OTH_Normal.n.rtex.dds,,,,assets/ingested/E7692B5A851E1816_height.h.rtex.dds,
E792A124245673D1,assets/ingested/E792A124245673D1_albedo.a.rtex.dds,assets/ingested/E792A124245673D1_normal_OTH_Normal.n.rtex.dds,,,,,
E79F1B8EE705A293,assets/ingested/E79F1B8EE705A293_albedo.a.rtex.dds,,,,assets/ingested/E79F1B8EE705A293_albedo.a.rtex.dds,,64.0
E8046BDEE5522D83,assets/ingested/E8046BDEE5522D83_albedo.a.rtex.dds,,,,,,
E8201C3036BFB39B,assets/ingested/A523180223B2F69B_albedo.a.rtex.dds,assets/ingested/A523180223B2F69B_normal_OTH_Normal.n.rtex.dds,,,assets/ingested/A523180223B2F69B_emissive.e.rtex.dds,assets/ingested/A523180223B2F69B_height.h.rtex.dds,1.0
E8311782F4B277A0,assets/ingested/E8311782F4B277A0_albedo.a.rtex.dds,assets/ingested/E8311782F4B277A0_normal_OTH_Normal.n.rtex.dds,,,,assets/ingested/E8311782F4B277A0_height.h.rtex.dds,
E8FE85D0C3491A24,assets/ingested/E8FE85D0C3491A24_albedo.a.rtex.dds,assets/ingested/E8FE85D0C3491A24_normal_OTH_Normal.n.rtex.dds,assets/ingested/E8FE85D0C3491A24_roughness.r.rtex.dds,assets/ingested/E8FE85D0C3491A24_metallic.m.rtex.dds,,assets/ingested/E8FE85D0C3491A24_height.h.rtex.dds,
E919DB97D3A62FD8,assets/ingested/E919DB97D3A62FD8_albedo.a.rtex.dds,assets/ingested/E919DB97D3A62FD8_normal_OTH_Normal.n.rtex.dds,assets/ingested/E919DB97D3A62FD8_roughness.r.rtex.dds,assets/ingested/E919DB97D3A62FD8_metallic.m.rtex.dds,assets/ingested/E919DB97D3A62FD8_emissive.e.rtex.dds,assets/ingested/E919DB97D3A62FD8_height.h.rtex.dds,4.0
E92B42131D0E2B7C,assets/ingested/E92B42131D0E2B7C_albedo.a.rtex.dds,assets/ingested/E92B42131D0E2B7C_normal_OTH_Normal.n.rtex.dds,,,,assets/ingested/E92B42131D0E2B7C_height.h.rtex.dds,
E96C21790D246B5E,assets/ingested/86A4FF628C150920_albedo_animation.a.rtex.dds,assets/ingested/86A4FF628C150920_normal_animation_OTH_Normal.n.rtex.dds,,assets/ingested/86A4FF628C150920_metallic_animation.m.rtex.dds,assets/ingested/86A4FF628C150920_emissive_animation.e.rtex.dds,assets/ingested/86A4FF628C150920_height_animation.h.rtex.dds,8.0
E974793C3C474719,assets/ingested/E974793C3C474719_albedo.a.rtex.dds,assets/ingested/E974793C3C474719_normal_OTH_Normal.n.rtex.dds,assets/ingested/E974793C3C474719_roughness.r.rtex.dds,assets/ingested/E974793C3C474719_metallic.m.rtex.dds,assets/ingested/E974793C3C474719_emissive.e.rtex.dds,assets/ingested/E974793C3C474719_height.h.rtex.dds,2.0
E9C7CFC09D41F495,assets/ingested/E9C7CFC09D41F495_albedo.a.rtex.dds,assets/ingested/E9C7CFC09D41F495_normal_OTH_Normal.n.rtex.dds,,,assets/ingested/E9C7CFC09D41F495_emissive.e.rtex.dds,assets/ingested/E9C7CFC09D41F495_height.h.rtex.dds,8.0
E9D524212780D409,assets/ingested/E9D524212780D409_albedo.a.rtex.dds,assets/ingested/E9D524212780D409_normal_OTH_Normal.n.rtex.dds,assets/ingested/E9D524212780D409_roughness.r.rtex.dds,assets/ingested/E9D524212780D409_metallic.m.rtex.dds,,assets/ingested/E9D524212780D409_height.h.rtex.dds,
EA0309C5417C7C9E,assets/ingested/EA0309C5417C7C9E_albedo.a.rtex.dds,assets/ingested/EA0309C5417C7C9E_normal_OTH_Normal.n.rtex.dds,,,assets/ingested/EA0309C5417C7C9E_emissive.e.rtex.dds,assets/ingested/EA0309C5417C7C9E_height.h.rtex.dds,4.0
EA609F5FB3102F3D,assets/ingested/EA609F5FB3102F3D_albedo.a.rtex.dds,assets/ingested/EA609F5FB3102F3D_normal_OTH_Normal.n.rtex.dds,,,,assets/ingested/EA609F5FB3102F3D_height.h.rtex.dds,
EA71AB4E45A9AADA,assets/ingested/EA71AB4E45A9AADA_albedo.a.rtex.dds,assets/ingested/EA71AB4E45A9AADA_normal_OTH_Normal.n.rtex.dds,,,,assets/ingested/EA71AB4E45A9AADA_height.h.rtex.dds,
EADC5C8EF471FBE0,assets/ingested/EADC5C8EF471FBE0_albedo.a.rtex.dds,assets/ingested/EADC5C8EF471FBE0_normal_OTH_Normal.n.rtex.dds,,,,assets/ingested/EADC5C8EF471FBE0_height.h.rtex.dds,
EAE0086F5A09C9D9,assets/ingested/EAE0086F5A09C9D9_albedo2.a.rtex.dds,assets/ingested/EAE0086F5A09C9D9_normal_OTH_Normal.n.rtex.dds,,,,assets/ingested/EAE0086F5A09C9D9_height.h.rtex.dds,
EAE71C4A410A4AE2,assets/ingested/EAE71C4A410A4AE2_albedo.a.rtex.dds,assets/ingested/EAE71C4A410A4AE2_normal_OTH_Normal.n.rtex.dds,,,,assets/ingested/EAE71C4A410A4AE2_height.h.rtex.dds,
EC2A30EEB84FA6AF,assets/ingested/EC2A30EEB84FA6AF_albedo.a.rtex.dds,,,,,,4.0
EC93CB469AC6BD78,assets/ingested/EC93CB469AC6BD78_albedo.a.rtex.dds,assets/ingested/EC93CB469AC6BD78_normal_OTH_Normal.n.rtex.dds,,,,assets/ingested/EC93CB469AC6BD78_height.h.rtex.dds,
ECA6288A050CE3B7,assets/ingested/ECA6288A050CE3B7_albedo.a.rtex.dds,assets/ingested/ECA6288A050CE3B7_nomal.a.rtex.dds,,,,assets/ingested/ECA6288A050CE3B7_height.h.rtex.dds,
ED32678187853EEC,assets/ingested/ED32678187853EEC_albedo.a.rtex.dds,assets/ingested/ED32678187853EEC_normal_OTH_Normal.n.rtex.dds,,,,assets/ingested/ED32678187853EEC_height.h.rtex.dds,
ED7B2E7D047F8C48,assets/ingested/ED7B2E7D047F8C48_albedo.a.rtex.dds,assets/ingested/ED7B2E7D047F8C48_normal_OTH_Normal.n.rtex.dds,,,,assets/ingested/ED7B2E7D047F8C48_height.h.rtex.dds,
EDC11238CFCA1B25,assets/ingested/EDC11238CFCA1B25_albedo.a.rtex.dds,assets/ingested/EDC11238CFCA1B25_normal_OTH_Normal.n.rtex.dds,,,,assets/ingested/EDC11238CFCA1B25_height.h.rtex.dds,
EEAAC87E8EF53C8E,assets/ingested/EEAAC87E8EF53C8E_albedo.a.rtex.dds,assets/ingested/EEAAC87E8EF53C8E_normal2_OTH_Normal.n.rtex.dds,,,assets/ingested/EEAAC87E8EF53C8E_emissive.e.rtex.dds,assets/ingested/EEAAC87E8EF53C8E_height.h.rtex.dds,2.0
EF18F4099752EFBC,assets/ingested/EF18F4099752EFBC_albedo.a.rtex.dds,assets/ingested/EF18F4099752EFBC_normal_OTH_Normal.n.rtex.dds,,,,assets/ingested/EF18F4099752EFBC_height.h.rtex.dds,
EFF8BAC202B3518B,assets/ingested/EFF8BAC202B3518B_albedo.a.rtex.dds,assets/ingested/EFF8BAC202B3518B_normal_OTH_Normal.n.rtex.dds,,assets/ingested/EFF8BAC202B3518B_metallic.m.rtex.dds,,assets/ingested/EFF8BAC202B3518B_height.h.rtex.dds,
EFFA5F35CD08BC0E,assets/ingested/EFFA5F35CD08BC0E_albedo.a.rtex.dds,,,,,assets/ingested/EFFA5F35CD08BC0E_height.h.rtex.dds,
F0AAE2829DC00089,,,,,assets/ingested/F0AAE2829DC00089.dds,,128.0
F0B17DC03296EEBA,assets/ingested/F0B17DC03296EEBA_albedo.a.rtex.dds,assets/ingested/F0B17DC03296EEBA_normal_OTH_Normal.n.rtex.dds,,,,,40.0
F0FD080DDE440DDA,assets/ingested/F0FD080DDE440DDA_albedo.a.rtex.dds,assets/ingested/F0FD080DDE440DDA_normal_OTH_Normal.n.rtex.dds,assets/ingested/F0FD080DDE440DDA_roughness.r.rtex.dds,assets/ingested/F0FD080DDE440DDA_metallic.m.rtex.dds,,assets/ingested/F0FD080DDE440DDA_height.h.rtex.dds,
F135231B0A0EA955,assets/ingested/F135231B0A0EA955_albedo.a.rtex.dds,assets/ingested/F135231B0A0EA955_normal_OTH_Normal.n.rtex.dds,assets/ingested/5A7A603C7748EF11_roughness.r.rtex.dds,assets/ingested/5A7A603C7748EF11_metallic.m.rtex.dds,,assets/ingested/F135231B0A0EA955_height.h.rtex.dds,
F16BA8F079EBB5E3,assets/ingested/F16BA8F079EBB5E3_albedo.a.rtex.dds,assets/ingested/F16BA8F079EBB5E3_normal_OTH_Normal.n.rtex.dds,,,assets/ingested/F16BA8F079EBB5E3_emissive.e.rtex.dds,assets/ingested/F16BA8F079EBB5E3_height.h.rtex.dds,48.0
F1B83090A6885512,assets/ingested/F1B83090A6885512_albedo.a.rtex.dds,assets/ingested/F1B83090A6885512_normal_OTH_Normal.n.rtex.dds,,,,assets/ingested/F1B83090A6885512_height.h.rtex.dds,
F1CE0639F28A1EC0,assets/ingested/F1CE0639F28A1EC0_albedo.a.rtex.dds,assets/ingested/F1CE0639F28A1EC0_normal_OTH_Normal.n.rtex.dds,,,assets/ingested/F1CE0639F28A1EC0_emissive.e.rtex.dds,assets/ingested/F1CE0639F28A1EC0_height.h.rtex.dds,2.0
F26A5D9D6A510DE4,assets/ingested/F26A5D9D6A510DE4_diffuse.a.rtex.dds,assets/ingested/F26A5D9D6A510DE4_normal_dx_OTH_Normal.n.rtex.dds,,,,assets/ingested/F26A5D9D6A510DE4_height.h.rtex.dds,
F3D057315E2BB63A,assets/ingested/F3D057315E2BB63A_albedo.a.rtex.dds,assets/ingested/F3D057315E2BB63A_normal_OTH_Normal.n.rtex.dds,,,,assets/ingested/F3D057315E2BB63A_height.h.rtex.dds,
F46D7151F5FC2A49,assets/ingested/F46D7151F5FC2A49_albedo.a.rtex.dds,assets/ingested/F46D7151F5FC2A49_normal_OTH_Normal.n.rtex.dds,,,,,
F486893C707D003D,assets/ingested/F486893C707D003D_albedo.a.rtex.dds,assets/ingested/F486893C707D003D_normal_OTH_Normal.n.rtex.dds,assets/ingested/F486893C707D003D_roughness.r.rtex.dds,,,assets/ingested/F486893C707D003D_height2.h.rtex.dds,40.0
F48A8C2B68B00A95,assets/ingested/F48A8C2B68B00A95_albedo.a.rtex.dds,assets/ingested/F48A8C2B68B00A95_normal_OTH_Normal.n.rtex.dds,,,,assets/ingested/F48A8C2B68B00A95_height.h.rtex.dds,
F4D7FDD6A349DEFD,assets/ingested/F4D7FDD6A349DEFD_albedo.a.rtex.dds,assets/ingested/F4D7FDD6A349DEFD_normal_OTH_Normal.n.rtex.dds,,,,,
F4E1375ED40DA713,assets/ingested/F4E1375ED40DA713_albedo.a.rtex.dds,assets/ingested/F4E1375ED40DA713_normal_OTH_Normal.n.rtex.dds,,,,assets/ingested/F4E1375ED40DA713_height.h.rtex.dds,
F4F28A50898246E4,assets/ingested/F4F28A50898246E4_albedo.a.rtex.dds,assets/ingested/F4F28A50898246E4_normal_OTH_Normal.n.rtex.dds,assets/ingested/F4F28A50898246E4_roughness.r.rtex.dds,assets/ingested/F4F28A50898246E4_metallic.m.rtex.dds,,assets/ingested/F4F28A50898246E4_height.h.rtex.dds,
F507D7206A08A5E5,assets/ingested/F507D7206A08A5E5_albedo.a.rtex.dds,assets/ingested/F507D7206A08A5E5_normal_OTH_Normal.n.rtex.dds,assets/ingested/F507D7206A08A5E5_roughness.r.rtex.dds,assets/ingested/F507D7206A08A5E5_metallic.m.rtex.dds,,assets/ingested/F507D7206A08A5E5_height.h.rtex.dds,
F51253585A60DA17,assets/ingested/F51253585A60DA17_albedo2.a.rtex.dds,assets/ingested/F51253585A60DA17_normal_OTH_Normal.n.rtex.dds,,,,assets/ingested/F51253585A60DA17_height.h.rtex.dds,
F55E009CB3CAFAF5,assets/ingested/F55E009CB3CAFAF5_albedo.a.rtex.dds,assets/ingested/F55E009CB3CAFAF5_normal_OTH_Normal.n.rtex.dds,assets/ingested/F55E009CB3CAFAF5_roughness.r.rtex.dds,assets/ingested/F55E009CB3CAFAF5_metallic.m.rtex.dds,,assets/ingested/F55E009CB3CAFAF5_height.h.rtex.dds,
F5A412F0647F52C4,assets/ingested/F5A412F0647F52C4_albedo.a.rtex.dds,assets/ingested/F5A412F0647F52C4_normal_OTH_Normal.n.rtex.dds,assets/ingested/F5A412F0647F52C4_roughness.r.rtex.dds,,,assets/ingested/F5A412F0647F52C4_height.h.rtex.dds,
F5BA5AFFCC68D341,assets/ingested/F5BA5AFFCC68D341_albedo.a.rtex.dds,,assets/ingested/F5BA5AFFCC68D341_roughness.r.rtex.dds,assets/ingested/F5BA5AFFCC68D341_metallic.m.rtex.dds,,assets/ingested/F5BA5AFFCC68D341_height.h.rtex.dds,
F67E18ECAE4284D0,assets/ingested/F67E18ECAE4284D0_albedo.a.rtex.dds,assets/ingested/F67E18ECAE4284D0_normal_OTH_Normal.n.rtex.dds,,,,assets/ingested/F67E18ECAE4284D0_height.h.rtex.dds,
F6883C3EEC532D9A,assets/ingested/F6883C3EEC532D9A_albedo.a.rtex.dds,assets/ingested/F6883C3EEC532D9A_normal_OTH_Normal.n.rtex.dds,,,,assets/ingested/F6883C3EEC532D9A_height.h.rtex.dds,
F6F9908FFF57E3E3,assets/ingested/F6F9908FFF57E3E3_albedo.a.rtex.dds,assets/ingested/F6F9908FFF57E3E3_normal_OTH_Normal.n.rtex.dds,assets/ingested/F6F9908FFF57E3E3_roughness.r.rtex.dds,assets/ingested/F6F9908FFF57E3E3_metallic.m.rtex.dds,,assets/ingested/F6F9908FFF57E3E3_height.h.rtex.dds,
F70549B744DE24E0,assets/ingested/F70549B744DE24E0_albedo.a.rtex.dds,assets/ingested/F70549B744DE24E0_normal_n_OTH_Normal.n.rtex.dds,assets/ingested/F70549B744DE24E0_roughness.r.rtex.dds,assets/ingested/F70549B744DE24E0_metallic.m.rtex.dds,assets/ingested/F70549B744DE24E0_emissive.e.rtex.dds,assets/ingested/F70549B744DE24E0_height_n.h.rtex.dds,64.0
F762D099194EE2CD,assets/ingested/F762D099194EE2CD_albedo.a.rtex.dds,assets/ingested/F762D099194EE2CD_normal_OTH_Normal.n.rtex.dds,,,,assets/ingested/F762D099194EE2CD_height.h.rtex.dds,
F77B52033ECB6B36,assets/ingested/F77B52033ECB6B36_albedo.a.rtex.dds,assets/ingested/F77B52033ECB6B36_normal_OTH_Normal.n.rtex.dds,assets/ingested/F77B52033ECB6B36_roughness.r.rtex.dds,assets/ingested/F77B52033ECB6B36_metallic.m.rtex.dds,,assets/ingested/F77B52033ECB6B36_height2.h.rtex.dds,
F7985B72DE4EC8D2,assets/ingested/F7985B72DE4EC8D2_albedo.a.rtex.dds,assets/ingested/F7985B72DE4EC8D2_normal_OTH_Normal.n.rtex.dds,,,,assets/ingested/F7985B72DE4EC8D2_height.h.rtex.dds,
F87A77668CF1DDA0,assets/ingested/2427F755933BD283_albedo.a.rtex.dds,assets/ingested/2427F755933BD283_normal_OTH_Normal.n.rtex.dds,,,assets/ingested/2427F755933BD283_emissive.e.rtex.dds,assets/ingested/2427F755933BD283_height.h.rtex.dds,24.0
F8959956E52D634C,assets/ingested/F8959956E52D634C_albedo.a.rtex.dds,assets/ingested/F8959956E52D634C_normal_OTH_Normal.n.rtex.dds,assets/ingested/F8959956E52D634C_roughness.r.rtex.dds,assets/ingested/F8959956E52D634C_metallic.m.rtex.dds,,assets/ingested/F8959956E52D634C_height.h.rtex.dds,
F896DACE542B4FAA,assets/ingested/F896DACE542B4FAA_albedo.a.rtex.dds,,,,assets/ingested/F896DACE542B4FAA_emissive.e.rtex.dds,,2.0
F8CA21B3C8F06F9D,assets/ingested/F8CA21B3C8F06F9D_diffuse.a.rtex.dds,assets/ingested/F8CA21B3C8F06F9D_normal_dx_OTH_Normal.n.rtex.dds,,,,,
F8DD851C32F7AFE3,assets/ingested/F8DD851C32F7AFE3_albedo.a.rtex.dds,assets/ingested/F8DD851C32F7AFE3_normal_OTH_Normal.n.rtex.dds,,,,,
F8E246F54A0C72B1,assets/ingested/F8E246F54A0C72B1_albedo.a.rtex.dds,assets/ingested/F8E246F54A0C72B1_normal_OTH_Normal.n.rtex.dds,,,,assets/ingested/F8E246F54A0C72B1_height.h.rtex.dds,
F93141BA85EDB830,assets/ingested/F93141BA85EDB830_albedo.a.rtex.dds,assets/ingested/F93141BA85EDB830_normal_OTH_Normal.n.rtex.dds,,,,assets/ingested/F93141BA85EDB830_height.h.rtex.dds,
F934944DFF894F94,assets/ingested/F934944DFF894F94_albedo.a.rtex.dds,,,,,,
F99BCBB1892A75FB,assets/ingested/F99BCBB1892A75FB_diffuse.a.rtex.dds,assets/ingested/F99BCBB1892A75FB_normal_OTH_Normal.n.rtex.dds,,,assets/ingested/F99BCBB1892A75FB_emissive.e.rtex.dds,assets/ingested/F99BCBB1892A75FB_height.h.rtex.dds,1.0
FA35E26FB8B0220C,assets/ingested/FA35E26FB8B0220C_albedo.a.rtex.dds,assets/ingested/426C8DBA4F14F12C_normal_OTH_Normal.n.rtex.dds,,,,assets/ingested/426C8DBA4F14F12C_height.h.rtex.dds,
FAB21D463E29940E,assets/ingested/Minigun_Impact.a.rtex.dds,,,,assets/ingested/Minigun_Impact.a.rtex.dds,,0.5
FB2432428EB136C2,assets/ingested/FB2432428EB136C2_albedo.a.rtex.dds,assets/ingested/FB2432428EB136C2_normal_OTH_Normal.n.rtex.dds,,,,assets/ingested/FB2432428EB136C2_height.h.rtex.dds,
FB6B5688ADB96482,assets/ingested/FB6B5688ADB96482_albedo.a.rtex.dds,assets/ingested/FB6B5688ADB96482_normal_OTH_Normal.n.rtex.dds,assets/ingested/FB6B5688ADB96482_roughness.r.rtex.dds,assets/ingested/FB6B5688ADB96482_metallic.m.rtex.dds,,assets/ingested/FB6B5688ADB96482_height.h.rtex.dds,
FBF02CF60A74824F,assets/ingested/FBF02CF60A74824F_albedo.a.rtex.dds,,,,assets/ingested/FBF02CF60A74824F_emissive.e.rtex.dds,,2.0
FBFE531396E77860,assets/ingested/FBFE531396E77860_albedo.a.rtex.dds,assets/ingested/FBFE531396E77860_normal_OTH_Normal.n.rtex.dds,,,,assets/ingested/FBFE531396E77860_height.h.rtex.dds,
FC555FEA9A01E365,assets/ingested/FC555FEA9A01E365_albedo.a.rtex.dds,assets/ingested/FC555FEA9A01E365_normal_OTH_Normal.n.rtex.dds,,,,,
FC75608B67FD3009,assets/ingested/FC75608B67FD3009_albedo.a.rtex.dds,assets/ingested/FC75608B67FD3009_normal_OTH_Normal.n.rtex.dds,assets/ingested/FC75608B67FD3009_roughness.r.rtex.dds,assets/ingested/FC75608B67FD3009_metallic.m.rtex.dds,,assets/ingested/FC75608B67FD3009_height.h.rtex.dds,
FD0FAFEFC7EA8E58,assets/ingested/FD0FAFEFC7EA8E58_albedo.a.rtex.dds,assets/ingested/FD0FAFEFC7EA8E58_normal_OTH_Normal.n.rtex.dds,,,,assets/ingested/FD0FAFEFC7EA8E58_height.h.rtex.dds,
FD2FB57F36B723DF,assets/ingested/66E9B966FAB6960F_albedo.a.rtex.dds,assets/ingested/66E9B966FAB6960F_normal_OTH_Normal.n.rtex.dds,,,,assets/ingested/FD2FB57F36B723DF_height.h.rtex.dds,
FD5EDEE1B6A7F4D5,assets/ingested/FD5EDEE1B6A7F4D5_material_diffuseOriginal.a.rtex.dds,assets/ingested/FD5EDEE1B6A7F4D5_normal_new_OTH_Normal.n.rtex.dds,,,,assets/ingested/FD5EDEE1B6A7F4D5_height_new.h.rtex.dds,
FDA0A1CD6629EE9C,assets/ingested/FDA0A1CD6629EE9C_albedo.a.rtex.dds,assets/ingested/FDA0A1CD6629EE9C_normal_OTH_Normal.n.rtex.dds,,,,,
FDDFE6D0521C0BDC,assets/ingested/FDDFE6D0521C0BDC_albedo.a.rtex.dds,assets/ingested/FDDFE6D0521C0BDC_normal_OTH_Normal.n.rtex.dds,,,,assets/ingested/FDDFE6D0521C0BDC_height.h.rtex.dds,
FDE8D874388B03C9,assets/ingested/FDE8D874388B03C9_albedo.a.rtex.dds,assets/ingested/FDE8D874388B03C9_normal_OTH_Normal.n.rtex.dds,,,assets/ingested/FDE8D874388B03C9_emissive.e.rtex.dds,assets/ingested/FDE8D874388B03C9_height.h.rtex.dds,2.0
FE05752CC6D4BE3F,assets/ingested/FE05752CC6D4BE3F_albedo.a.rtex.dds,assets/ingested/426C8DBA4F14F12C_normal_OTH_Normal.n.rtex.dds,,,,assets/ingested/426C8DBA4F14F12C_height.h.rtex.dds,
FE09A66013B5C750,assets/ingested/FE09A66013B5C750_albedo.a.rtex.dds,assets/ingested/FE09A66013B5C750_normal_OTH_Normal.n.rtex.dds,,,,assets/ingested/FE09A66013B5C750_height.h.rtex.dds,
FE4CDD25F2A35341,assets/ingested/FE4CDD25F2A35341_albedo.a.rtex.dds,assets/ingested/FE4CDD25F2A35341_normal_OTH_Normal.n.rtex.dds,,,,assets/ingested/FE4CDD25F2A35341_height.h.rtex.dds,
FE9599A1A9DD9319,assets/ingested/FE9599A1A9DD9319_albedo.a.rtex.dds,assets/ingested/FE9599A1A9DD9319_normal_OTH_Normal.n.rtex.dds,assets/ingested/FE9599A1A9DD9319_roughness.r.rtex.dds,,,assets/ingested/FE9599A1A9DD9319_height.h.rtex.dds,
FEACD498CB74F58C,assets/ingested/FEACD498CB74F58C_albedo.a.rtex.dds,assets/ingested/FEACD498CB74F58C_normal_OTH_Normal.n.rtex.dds,,,assets/ingested/FEACD498CB74F58C_emissive.e.rtex.dds,assets/ingested/FEACD498CB74F58C_height.h.rtex.dds,64.0
FF05DC1E2FA903D1,assets/ingested/FF05DC1E2FA903D1_albedo.a.rtex.dds,assets/ingested/FF05DC1E2FA903D1_normal_OTH_Normal.n.rtex.dds,,,assets/ingested/FF05DC1E2FA903D1_emissive.e.rtex.dds,,1.0
FF1DE3D1F306262F,assets/ingested/FF1DE3D1F306262F_albedo.a.rtex.dds,assets/ingested/FF1DE3D1F306262F_normal_OTH_Normal.n.rtex.dds,,,,assets/ingested/FF1DE3D1F306262F_height.h.rtex.dds,
FF2D33A06630F8ED,assets/ingested/FF2D33A06630F8ED_albedo.a.rtex.dds,,,,,,
FF93467E0119337D,assets/ingested/FF93467E0119337D_albedo.a.rtex.dds,assets/ingested/FF93467E0119337D_normal_OTH_Normal.n.rtex.dds,,,,assets/ingested/FF93467E0119337D_height.h.rtex.dds,
FFAC9403F31C6CE6,assets/ingested/FFAC9403F31C6CE6_albedo.a.rtex.dds,assets/ingested/FFAC9403F31C6CE6_normal_OTH_Normal.n.rtex.dds,,,,assets/ingested/FFAC9403F31C6CE6_height.h.rtex.dds,
